[2024-07-17 16:43:48.608] INFO 29480 simplejob-finance [restartedMain] [com.simple.job.finance.FinanceJobApplication]:Starting FinanceJobApplication on DESKTOP-SOPT3QG with PID 29480 (D:\JIANGLEI\FinanceWORKSPACE\finance-master\simplejob-finance\target\classes started by JIANGLEI in D:\JIANGLEI\FinanceWORKSPACE\finance-master)
[2024-07-17 16:43:48.610] INFO 29480 simplejob-finance [restartedMain] [com.simple.job.finance.FinanceJobApplication]:No active profile set, falling back to default profiles: default
[2024-07-17 16:43:48.653] INFO 29480 simplejob-finance [restartedMain] [org.springframework.boot.devtools.env.DevToolsPropertyDefaultsPostProcessor]:Devtools property defaults active! Set 'spring.devtools.add-properties' to 'false' to disable
[2024-07-17 16:43:48.653] INFO 29480 simplejob-finance [restartedMain] [org.springframework.boot.devtools.env.DevToolsPropertyDefaultsPostProcessor]:For additional web related logging consider setting the 'logging.level.web' property to 'DEBUG'
[2024-07-17 16:43:49.746] INFO 29480 simplejob-finance [restartedMain] [org.springframework.context.support.PostProcessorRegistrationDelegate$BeanPostProcessorChecker]:Bean 'org.springframework.transaction.annotation.ProxyTransactionManagementConfiguration' of type [org.springframework.transaction.annotation.ProxyTransactionManagementConfiguration] is not eligible for getting processed by all BeanPostProcessors (for example: not eligible for auto-proxying)
[2024-07-17 16:43:50.063] INFO 29480 simplejob-finance [restartedMain] [org.springframework.boot.web.embedded.tomcat.TomcatWebServer]:Tomcat initialized with port(s): 9092 (http)
[2024-07-17 16:43:50.071] INFO 29480 simplejob-finance [restartedMain] [org.apache.coyote.http11.Http11NioProtocol]:Initializing ProtocolHandler ["http-nio-9092"]
[2024-07-17 16:43:50.072] INFO 29480 simplejob-finance [restartedMain] [org.apache.catalina.core.StandardService]:Starting service [Tomcat]
[2024-07-17 16:43:50.072] INFO 29480 simplejob-finance [restartedMain] [org.apache.catalina.core.StandardEngine]:Starting Servlet engine: [Apache Tomcat/9.0.27]
[2024-07-17 16:43:50.257] INFO 29480 simplejob-finance [restartedMain] [org.apache.catalina.core.ContainerBase.[Tomcat].[localhost].[/]]:Initializing Spring embedded WebApplicationContext
[2024-07-17 16:43:50.257] INFO 29480 simplejob-finance [restartedMain] [org.springframework.web.context.ContextLoader]:Root WebApplicationContext: initialization completed in 1604 ms
[2024-07-17 16:43:51.735] INFO 29480 simplejob-finance [restartedMain] [org.springframework.scheduling.concurrent.ThreadPoolTaskExecutor]:Initializing ExecutorService 'applicationTaskExecutor'
[2024-07-17 16:43:51.953] INFO 29480 simplejob-finance [restartedMain] [org.apache.curator.framework.imps.CuratorFrameworkImpl]:Starting
[2024-07-17 16:43:51.961] INFO 29480 simplejob-finance [restartedMain] [org.apache.zookeeper.ZooKeeper]:Client environment:zookeeper.version=3.6.0--b4c89dc7f6083829e18fae6e446907ae0b1f22d7, built on 02/25/2020 14:38 GMT
[2024-07-17 16:43:51.961] INFO 29480 simplejob-finance [restartedMain] [org.apache.zookeeper.ZooKeeper]:Client environment:host.name=DESKTOP-SOPT3QG
[2024-07-17 16:43:51.961] INFO 29480 simplejob-finance [restartedMain] [org.apache.zookeeper.ZooKeeper]:Client environment:java.version=1.8.0_251
[2024-07-17 16:43:51.961] INFO 29480 simplejob-finance [restartedMain] [org.apache.zookeeper.ZooKeeper]:Client environment:java.vendor=Oracle Corporation
[2024-07-17 16:43:51.961] INFO 29480 simplejob-finance [restartedMain] [org.apache.zookeeper.ZooKeeper]:Client environment:java.home=C:\Program Files\Java\jdk1.8.0_251\jre
[2024-07-17 16:43:51.961] INFO 29480 simplejob-finance [restartedMain] [org.apache.zookeeper.ZooKeeper]:Client environment:java.class.path=C:\Program Files\Java\jdk1.8.0_251\jre\lib\charsets.jar;C:\Program Files\Java\jdk1.8.0_251\jre\lib\deploy.jar;C:\Program Files\Java\jdk1.8.0_251\jre\lib\ext\access-bridge-64.jar;C:\Program Files\Java\jdk1.8.0_251\jre\lib\ext\cldrdata.jar;C:\Program Files\Java\jdk1.8.0_251\jre\lib\ext\dnsns.jar;C:\Program Files\Java\jdk1.8.0_251\jre\lib\ext\jaccess.jar;C:\Program Files\Java\jdk1.8.0_251\jre\lib\ext\jfxrt.jar;C:\Program Files\Java\jdk1.8.0_251\jre\lib\ext\localedata.jar;C:\Program Files\Java\jdk1.8.0_251\jre\lib\ext\nashorn.jar;C:\Program Files\Java\jdk1.8.0_251\jre\lib\ext\sunec.jar;C:\Program Files\Java\jdk1.8.0_251\jre\lib\ext\sunjce_provider.jar;C:\Program Files\Java\jdk1.8.0_251\jre\lib\ext\sunmscapi.jar;C:\Program Files\Java\jdk1.8.0_251\jre\lib\ext\sunpkcs11.jar;C:\Program Files\Java\jdk1.8.0_251\jre\lib\ext\zipfs.jar;C:\Program Files\Java\jdk1.8.0_251\jre\lib\javaws.jar;C:\Program Files\Java\jdk1.8.0_251\jre\lib\jce.jar;C:\Program Files\Java\jdk1.8.0_251\jre\lib\jfr.jar;C:\Program Files\Java\jdk1.8.0_251\jre\lib\jfxswt.jar;C:\Program Files\Java\jdk1.8.0_251\jre\lib\jsse.jar;C:\Program Files\Java\jdk1.8.0_251\jre\lib\management-agent.jar;C:\Program Files\Java\jdk1.8.0_251\jre\lib\plugin.jar;C:\Program Files\Java\jdk1.8.0_251\jre\lib\resources.jar;C:\Program Files\Java\jdk1.8.0_251\jre\lib\rt.jar;D:\JIANGLEI\FinanceWORKSPACE\finance-master\simplejob-finance\target\classes;D:\JIANGLEI\INSTALLSOFT\mvnrepositoryTwo\org\projectlombok\lombok\1.18.10\lombok-1.18.10.jar;D:\JIANGLEI\INSTALLSOFT\mvnrepositoryTwo\org\springframework\boot\spring-boot-starter\2.2.1.RELEASE\spring-boot-starter-2.2.1.RELEASE.jar;D:\JIANGLEI\INSTALLSOFT\mvnrepositoryTwo\org\springframework\boot\spring-boot-starter-logging\2.2.1.RELEASE\spring-boot-starter-logging-2.2.1.RELEASE.jar;D:\JIANGLEI\INSTALLSOFT\mvnrepositoryTwo\ch\qos\logback\logback-classic\1.2.3\logback-classic-1.2.3.jar;D:\JIANGLEI\INSTALLSOFT\mvnrepositoryTwo\ch\qos\logback\logback-core\1.2.3\logback-core-1.2.3.jar;D:\JIANGLEI\INSTALLSOFT\mvnrepositoryTwo\org\apache\logging\log4j\log4j-to-slf4j\2.12.1\log4j-to-slf4j-2.12.1.jar;D:\JIANGLEI\INSTALLSOFT\mvnrepositoryTwo\org\apache\logging\log4j\log4j-api\2.12.1\log4j-api-2.12.1.jar;D:\JIANGLEI\INSTALLSOFT\mvnrepositoryTwo\org\slf4j\jul-to-slf4j\1.7.29\jul-to-slf4j-1.7.29.jar;D:\JIANGLEI\INSTALLSOFT\mvnrepositoryTwo\jakarta\annotation\jakarta.annotation-api\1.3.5\jakarta.annotation-api-1.3.5.jar;D:\JIANGLEI\INSTALLSOFT\mvnrepositoryTwo\org\slf4j\slf4j-api\1.7.29\slf4j-api-1.7.29.jar;D:\JIANGLEI\INSTALLSOFT\mvnrepositoryTwo\org\springframework\spring-core\5.2.1.RELEASE\spring-core-5.2.1.RELEASE.jar;D:\JIANGLEI\INSTALLSOFT\mvnrepositoryTwo\org\springframework\spring-jcl\5.2.1.RELEASE\spring-jcl-5.2.1.RELEASE.jar;D:\JIANGLEI\INSTALLSOFT\mvnrepositoryTwo\com\baomidou\mybatis-plus-boot-starter\3.5.1\mybatis-plus-boot-starter-3.5.1.jar;D:\JIANGLEI\INSTALLSOFT\mvnrepositoryTwo\com\baomidou\mybatis-plus\3.5.1\mybatis-plus-3.5.1.jar;D:\JIANGLEI\INSTALLSOFT\mvnrepositoryTwo\com\baomidou\mybatis-plus-extension\3.5.1\mybatis-plus-extension-3.5.1.jar;D:\JIANGLEI\INSTALLSOFT\mvnrepositoryTwo\com\baomidou\mybatis-plus-core\3.5.1\mybatis-plus-core-3.5.1.jar;D:\JIANGLEI\INSTALLSOFT\mvnrepositoryTwo\com\baomidou\mybatis-plus-annotation\3.5.1\mybatis-plus-annotation-3.5.1.jar;D:\JIANGLEI\INSTALLSOFT\mvnrepositoryTwo\com\github\jsqlparser\jsqlparser\4.3\jsqlparser-4.3.jar;D:\JIANGLEI\INSTALLSOFT\mvnrepositoryTwo\org\mybatis\mybatis\3.5.9\mybatis-3.5.9.jar;D:\JIANGLEI\INSTALLSOFT\mvnrepositoryTwo\org\mybatis\mybatis-spring\2.0.6\mybatis-spring-2.0.6.jar;D:\JIANGLEI\INSTALLSOFT\mvnrepositoryTwo\org\springframework\boot\spring-boot-autoconfigure\2.2.1.RELEASE\spring-boot-autoconfigure-2.2.1.RELEASE.jar;D:\JIANGLEI\INSTALLSOFT\mvnrepositoryTwo\com\baomidou\mybatis-plus-generator\3.5.1\mybatis-plus-generator-3.5.1.jar;D:\JIANGLEI\INSTALLSOFT\mvnrepositoryTwo\org\freemarker\freemarker\2.3.31\freemarker-2.3.31.jar;D:\JIANGLEI\INSTALLSOFT\mvnrepositoryTwo\org\springframework\boot\spring-boot-devtools\2.2.1.RELEASE\spring-boot-devtools-2.2.1.RELEASE.jar;D:\JIANGLEI\INSTALLSOFT\mvnrepositoryTwo\org\springframework\boot\spring-boot\2.2.1.RELEASE\spring-boot-2.2.1.RELEASE.jar;D:\JIANGLEI\INSTALLSOFT\mvnrepositoryTwo\org\springframework\spring-context\5.2.1.RELEASE\spring-context-5.2.1.RELEASE.jar;D:\JIANGLEI\INSTALLSOFT\mvnrepositoryTwo\mysql\mysql-connector-java\5.1.47\mysql-connector-java-5.1.47.jar;D:\JIANGLEI\INSTALLSOFT\mvnrepositoryTwo\cn\hutool\hutool-all\5.7.19\hutool-all-5.7.19.jar;D:\JIANGLEI\INSTALLSOFT\mvnrepositoryTwo\joda-time\joda-time\2.9.9\joda-time-2.9.9.jar;D:\JIANGLEI\INSTALLSOFT\mvnrepositoryTwo\com\alibaba\fastjson\2.0.34\fastjson-2.0.34.jar;D:\JIANGLEI\INSTALLSOFT\mvnrepositoryTwo\com\alibaba\fastjson2\fastjson2-extension\2.0.34\fastjson2-extension-2.0.34.jar;D:\JIANGLEI\INSTALLSOFT\mvnrepositoryTwo\com\alibaba\fastjson2\fastjson2\2.0.34\fastjson2-2.0.34.jar;D:\JIANGLEI\INSTALLSOFT\mvnrepositoryTwo\org\springframework\boot\spring-boot-starter-actuator\2.2.1.RELEASE\spring-boot-starter-actuator-2.2.1.RELEASE.jar;D:\JIANGLEI\INSTALLSOFT\mvnrepositoryTwo\org\springframework\boot\spring-boot-actuator-autoconfigure\2.2.1.RELEASE\spring-boot-actuator-autoconfigure-2.2.1.RELEASE.jar;D:\JIANGLEI\INSTALLSOFT\mvnrepositoryTwo\org\springframework\boot\spring-boot-actuator\2.2.1.RELEASE\spring-boot-actuator-2.2.1.RELEASE.jar;D:\JIANGLEI\INSTALLSOFT\mvnrepositoryTwo\com\fasterxml\jackson\core\jackson-databind\2.10.0\jackson-databind-2.10.0.jar;D:\JIANGLEI\INSTALLSOFT\mvnrepositoryTwo\com\fasterxml\jackson\core\jackson-annotations\2.10.0\jackson-annotations-2.10.0.jar;D:\JIANGLEI\INSTALLSOFT\mvnrepositoryTwo\com\fasterxml\jackson\core\jackson-core\2.10.0\jackson-core-2.10.0.jar;D:\JIANGLEI\INSTALLSOFT\mvnrepositoryTwo\com\fasterxml\jackson\datatype\jackson-datatype-jsr310\2.10.0\jackson-datatype-jsr310-2.10.0.jar;D:\JIANGLEI\INSTALLSOFT\mvnrepositoryTwo\io\micrometer\micrometer-core\1.3.1\micrometer-core-1.3.1.jar;D:\JIANGLEI\INSTALLSOFT\mvnrepositoryTwo\org\hdrhistogram\HdrHistogram\2.1.11\HdrHistogram-2.1.11.jar;D:\JIANGLEI\INSTALLSOFT\mvnrepositoryTwo\org\latencyutils\LatencyUtils\2.0.3\LatencyUtils-2.0.3.jar;D:\JIANGLEI\INSTALLSOFT\mvnrepositoryTwo\org\springframework\boot\spring-boot-starter-web\2.2.1.RELEASE\spring-boot-starter-web-2.2.1.RELEASE.jar;D:\JIANGLEI\INSTALLSOFT\mvnrepositoryTwo\org\springframework\boot\spring-boot-starter-json\2.2.1.RELEASE\spring-boot-starter-json-2.2.1.RELEASE.jar;D:\JIANGLEI\INSTALLSOFT\mvnrepositoryTwo\com\fasterxml\jackson\datatype\jackson-datatype-jdk8\2.10.0\jackson-datatype-jdk8-2.10.0.jar;D:\JIANGLEI\INSTALLSOFT\mvnrepositoryTwo\com\fasterxml\jackson\module\jackson-module-parameter-names\2.10.0\jackson-module-parameter-names-2.10.0.jar;D:\JIANGLEI\INSTALLSOFT\mvnrepositoryTwo\org\springframework\boot\spring-boot-starter-tomcat\2.2.1.RELEASE\spring-boot-starter-tomcat-2.2.1.RELEASE.jar;D:\JIANGLEI\INSTALLSOFT\mvnrepositoryTwo\org\apache\tomcat\embed\tomcat-embed-core\9.0.27\tomcat-embed-core-9.0.27.jar;D:\JIANGLEI\INSTALLSOFT\mvnrepositoryTwo\org\apache\tomcat\embed\tomcat-embed-el\9.0.27\tomcat-embed-el-9.0.27.jar;D:\JIANGLEI\INSTALLSOFT\mvnrepositoryTwo\org\apache\tomcat\embed\tomcat-embed-websocket\9.0.27\tomcat-embed-websocket-9.0.27.jar;D:\JIANGLEI\INSTALLSOFT\mvnrepositoryTwo\org\springframework\boot\spring-boot-starter-validation\2.2.1.RELEASE\spring-boot-starter-validation-2.2.1.RELEASE.jar;D:\JIANGLEI\INSTALLSOFT\mvnrepositoryTwo\jakarta\validation\jakarta.validation-api\2.0.1\jakarta.validation-api-2.0.1.jar;D:\JIANGLEI\INSTALLSOFT\mvnrepositoryTwo\org\hibernate\validator\hibernate-validator\6.0.18.Final\hibernate-validator-6.0.18.Final.jar;D:\JIANGLEI\INSTALLSOFT\mvnrepositoryTwo\org\jboss\logging\jboss-logging\3.4.1.Final\jboss-logging-3.4.1.Final.jar;D:\JIANGLEI\INSTALLSOFT\mvnrepositoryTwo\com\fasterxml\classmate\1.5.1\classmate-1.5.1.jar;D:\JIANGLEI\INSTALLSOFT\mvnrepositoryTwo\org\springframework\spring-web\5.2.1.RELEASE\spring-web-5.2.1.RELEASE.jar;D:\JIANGLEI\INSTALLSOFT\mvnrepositoryTwo\org\springframework\spring-beans\5.2.1.RELEASE\spring-beans-5.2.1.RELEASE.jar;D:\JIANGLEI\INSTALLSOFT\mvnrepositoryTwo\org\springframework\spring-webmvc\5.2.1.RELEASE\spring-webmvc-5.2.1.RELEASE.jar;D:\JIANGLEI\INSTALLSOFT\mvnrepositoryTwo\org\springframework\spring-aop\5.2.1.RELEASE\spring-aop-5.2.1.RELEASE.jar;D:\JIANGLEI\INSTALLSOFT\mvnrepositoryTwo\org\springframework\spring-expression\5.2.1.RELEASE\spring-expression-5.2.1.RELEASE.jar;D:\JIANGLEI\INSTALLSOFT\mvnrepositoryTwo\org\springframework\boot\spring-boot-starter-jdbc\2.2.1.RELEASE\spring-boot-starter-jdbc-2.2.1.RELEASE.jar;D:\JIANGLEI\INSTALLSOFT\mvnrepositoryTwo\com\zaxxer\HikariCP\3.4.1\HikariCP-3.4.1.jar;D:\JIANGLEI\INSTALLSOFT\mvnrepositoryTwo\org\springframework\spring-jdbc\5.2.1.RELEASE\spring-jdbc-5.2.1.RELEASE.jar;D:\JIANGLEI\INSTALLSOFT\mvnrepositoryTwo\org\springframework\spring-tx\5.2.1.RELEASE\spring-tx-5.2.1.RELEASE.jar;D:\JIANGLEI\INSTALLSOFT\mvnrepositoryTwo\org\apache\shardingsphere\elasticjob\elasticjob-lite-core\3.0.1\elasticjob-lite-core-3.0.1.jar;D:\JIANGLEI\INSTALLSOFT\mvnrepositoryTwo\org\apache\shardingsphere\elasticjob\elasticjob-api\3.0.1\elasticjob-api-3.0.1.jar;D:\JIANGLEI\INSTALLSOFT\mvnrepositoryTwo\com\google\guava\guava\29.0-jre\guava-29.0-jre.jar;D:\JIANGLEI\INSTALLSOFT\mvnrepositoryTwo\com\google\guava\failureaccess\1.0.1\failureaccess-1.0.1.jar;D:\JIANGLEI\INSTALLSOFT\mvnrepositoryTwo\com\google\guava\listenablefuture\9999.0-empty-to-avoid-conflict-with-guava\listenablefuture-9999.0-empty-to-avoid-conflict-with-guava.jar;D:\JIANGLEI\INSTALLSOFT\mvnrepositoryTwo\com\google\code\findbugs\jsr305\3.0.2\jsr305-3.0.2.jar;D:\JIANGLEI\INSTALLSOFT\mvnrepositoryTwo\org\checkerframework\checker-qual\2.11.1\checker-qual-2.11.1.jar;D:\JIANGLEI\INSTALLSOFT\mvnrepositoryTwo\com\google\errorprone\error_prone_annotations\2.3.4\error_prone_annotations-2.3.4.jar;D:\JIANGLEI\INSTALLSOFT\mvnrepositoryTwo\org\apache\shardingsphere\elasticjob\elasticjob-infra-common\3.0.1\elasticjob-infra-common-3.0.1.jar;D:\JIANGLEI\INSTALLSOFT\mvnrepositoryTwo\org\apache\shardingsphere\elasticjob\elasticjob-registry-center\3.0.1\elasticjob-registry-center-3.0.1.jar;D:\JIANGLEI\INSTALLSOFT\mvnrepositoryTwo\org\apache\curator\curator-framework\5.1.0\curator-framework-5.1.0.jar;D:\JIANGLEI\INSTALLSOFT\mvnrepositoryTwo\org\apache\curator\curator-client\5.1.0\curator-client-5.1.0.jar;D:\JIANGLEI\INSTALLSOFT\mvnrepositoryTwo\org\apache\zookeeper\zookeeper\3.6.0\zookeeper-3.6.0.jar;D:\JIANGLEI\INSTALLSOFT\mvnrepositoryTwo\commons-lang\commons-lang\2.6\commons-lang-2.6.jar;D:\JIANGLEI\INSTALLSOFT\mvnrepositoryTwo\org\apache\zookeeper\zookeeper-jute\3.6.0\zookeeper-jute-3.6.0.jar;D:\JIANGLEI\INSTALLSOFT\mvnrepositoryTwo\org\apache\yetus\audience-annotations\0.5.0\audience-annotations-0.5.0.jar;D:\JIANGLEI\INSTALLSOFT\mvnrepositoryTwo\io\netty\netty-handler\4.1.43.Final\netty-handler-4.1.43.Final.jar;D:\JIANGLEI\INSTALLSOFT\mvnrepositoryTwo\io\netty\netty-common\4.1.43.Final\netty-common-4.1.43.Final.jar;D:\JIANGLEI\INSTALLSOFT\mvnrepositoryTwo\io\netty\netty-buffer\4.1.43.Final\netty-buffer-4.1.43.Final.jar;D:\JIANGLEI\INSTALLSOFT\mvnrepositoryTwo\io\netty\netty-transport\4.1.43.Final\netty-transport-4.1.43.Final.jar;D:\JIANGLEI\INSTALLSOFT\mvnrepositoryTwo\io\netty\netty-resolver\4.1.43.Final\netty-resolver-4.1.43.Final.jar;D:\JIANGLEI\INSTALLSOFT\mvnrepositoryTwo\io\netty\netty-codec\4.1.43.Final\netty-codec-4.1.43.Final.jar;D:\JIANGLEI\INSTALLSOFT\mvnrepositoryTwo\io\netty\netty-transport-native-epoll\4.1.43.Final\netty-transport-native-epoll-4.1.43.Final.jar;D:\JIANGLEI\INSTALLSOFT\mvnrepositoryTwo\io\netty\netty-transport-native-unix-common\4.1.43.Final\netty-transport-native-unix-common-4.1.43.Final.jar;D:\JIANGLEI\INSTALLSOFT\mvnrepositoryTwo\log4j\log4j\1.2.17\log4j-1.2.17.jar;D:\JIANGLEI\INSTALLSOFT\mvnrepositoryTwo\org\apache\curator\curator-recipes\5.1.0\curator-recipes-5.1.0.jar;D:\JIANGLEI\INSTALLSOFT\mvnrepositoryTwo\org\apache\shardingsphere\elasticjob\elasticjob-simple-executor\3.0.1\elasticjob-simple-executor-3.0.1.jar;D:\JIANGLEI\INSTALLSOFT\mvnrepositoryTwo\org\apache\shardingsphere\elasticjob\elasticjob-executor-kernel\3.0.1\elasticjob-executor-kernel-3.0.1.jar;D:\JIANGLEI\INSTALLSOFT\mvnrepositoryTwo\org\apache\shardingsphere\elasticjob\elasticjob-error-handler-general\3.0.1\elasticjob-error-handler-general-3.0.1.jar;D:\JIANGLEI\INSTALLSOFT\mvnrepositoryTwo\org\apache\shardingsphere\elasticjob\elasticjob-error-handler-spi\3.0.1\elasticjob-error-handler-spi-3.0.1.jar;D:\JIANGLEI\INSTALLSOFT\mvnrepositoryTwo\org\apache\shardingsphere\elasticjob\elasticjob-dataflow-executor\3.0.1\elasticjob-dataflow-executor-3.0.1.jar;D:\JIANGLEI\INSTALLSOFT\mvnrepositoryTwo\org\apache\shardingsphere\elasticjob\elasticjob-script-executor\3.0.1\elasticjob-script-executor-3.0.1.jar;D:\JIANGLEI\INSTALLSOFT\mvnrepositoryTwo\org\apache\commons\commons-exec\1.3\commons-exec-1.3.jar;D:\JIANGLEI\INSTALLSOFT\mvnrepositoryTwo\org\apache\shardingsphere\elasticjob\elasticjob-http-executor\3.0.1\elasticjob-http-executor-3.0.1.jar;D:\JIANGLEI\INSTALLSOFT\mvnrepositoryTwo\org\apache\shardingsphere\elasticjob\elasticjob-tracing-rdb\3.0.1\elasticjob-tracing-rdb-3.0.1.jar;D:\JIANGLEI\INSTALLSOFT\mvnrepositoryTwo\org\apache\shardingsphere\elasticjob\elasticjob-tracing-api\3.0.1\elasticjob-tracing-api-3.0.1.jar;D:\JIANGLEI\INSTALLSOFT\mvnrepositoryTwo\org\apache\commons\commons-lang3\3.9\commons-lang3-3.9.jar;D:\JIANGLEI\INSTALLSOFT\mvnrepositoryTwo\org\yaml\snakeyaml\1.25\snakeyaml-1.25.jar;D:\JIANGLEI\INSTALLSOFT\mvnrepositoryTwo\com\google\code\gson\gson\2.8.6\gson-2.8.6.jar;D:\JIANGLEI\INSTALLSOFT\mvnrepositoryTwo\org\quartz-scheduler\quartz\2.3.2\quartz-2.3.2.jar;D:\JIANGLEI\INSTALLSOFT\mvnrepositoryTwo\com\mchange\mchange-commons-java\0.2.15\mchange-commons-java-0.2.15.jar;D:\JIANGLEI\INSTALLSOFT\mvnrepositoryTwo\org\apache\shardingsphere\elasticjob\elasticjob-lite-spring-boot-starter\3.0.1\elasticjob-lite-spring-boot-starter-3.0.1.jar;D:\JIANGLEI\INSTALLSOFT\mvnrepositoryTwo\org\apache\shardingsphere\elasticjob\elasticjob-lite-spring-core\3.0.1\elasticjob-lite-spring-core-3.0.1.jar;D:\Program Files\IntelliJ IDEA 2023.2.5\lib\idea_rt.jar;C:\Users\JIANGLEI\AppData\Roaming\JetBrains\IntelliJIdea2023.3\plugins\MybatisLog\lib\mybatis-agent-1.0.30-all.jar;C:\Users\JIANGLEI\AppData\Local\JetBrains\IntelliJIdea2023.3\captureAgent\debugger-agent.jar
[2024-07-17 16:43:51.961] INFO 29480 simplejob-finance [restartedMain] [org.apache.zookeeper.ZooKeeper]:Client environment:java.library.path=C:\Program Files\Java\jdk1.8.0_251\bin;C:\WINDOWS\Sun\Java\bin;C:\WINDOWS\system32;C:\WINDOWS;C:\Program Files (x86)\Aliyun\SASE\3.8.9\ProxyBin\;C:\Program Files (x86)\Aliyun\SASE\3.6.7\ProxyBin\;D:\Program Files\Python\Scripts\;D:\Program Files\Python\;C:\Program Files (x86)\Common Files\Oracle\Java\javapath;C:\WINDOWS\system32;C:\WINDOWS;C:\WINDOWS\System32\Wbem;C:\WINDOWS\System32\WindowsPowerShell\v1.0\;C:\WINDOWS\System32\OpenSSH\;C:\Program Files\Java\jdk1.8.0_251\bin;D:\JIANGLEI\INSTALLSOFT\apache-maven-3.6.3\bin;C:\Program Files\TortoiseGit\bin;C:\Program Files (x86)\nodejs\;C:\Program Files\Git\cmd;D:\Program Files\Anaconda\condabin;C:\Handle; ;E:\UAT\UAT测试包_分公司\UAT测试包_分公司\;E:\网点管家UAT\网点管家UAT\;C:\Users\JIANGLEI\Desktop\数据导出\网点管家UAT\网点管家UAT\;C:\Users\JIANGLEI\Desktop\文档记录\网点管家UAT\网点管家UAT\;C:\Users\JIANGLEI\Desktop\UAT环境\UAT测试包_分公司-1\UAT测试包_分公司-1\;C:\YTO_Station\;C:\Users\JIANGLEI\AppData\Local\Microsoft\WindowsApps;;C:\Users\JIANGLEI\AppData\Local\Programs\Microsoft VS Code\bin;C:\Users\JIANGLEI\AppData\Roaming\npm;C:\Users\JIANGLEI\AppData\Local\Microsoft\WindowsApps;D:\Program Files\PyCharm 2023.3.2\bin;;D:\Program Files\WebStorm 2023.2.5\bin;;D:\Program Files\IntelliJ IDEA 2023.2.5\bin;;D:\Program Files\DataGrip 2023.2.3\bin;;.
[2024-07-17 16:43:51.961] INFO 29480 simplejob-finance [restartedMain] [org.apache.zookeeper.ZooKeeper]:Client environment:java.io.tmpdir=C:\Users\JIANGLEI\AppData\Local\Temp\
[2024-07-17 16:43:51.961] INFO 29480 simplejob-finance [restartedMain] [org.apache.zookeeper.ZooKeeper]:Client environment:java.compiler=<NA>
[2024-07-17 16:43:51.961] INFO 29480 simplejob-finance [restartedMain] [org.apache.zookeeper.ZooKeeper]:Client environment:os.name=Windows 10
[2024-07-17 16:43:51.962] INFO 29480 simplejob-finance [restartedMain] [org.apache.zookeeper.ZooKeeper]:Client environment:os.arch=amd64
[2024-07-17 16:43:51.962] INFO 29480 simplejob-finance [restartedMain] [org.apache.zookeeper.ZooKeeper]:Client environment:os.version=10.0
[2024-07-17 16:43:51.962] INFO 29480 simplejob-finance [restartedMain] [org.apache.zookeeper.ZooKeeper]:Client environment:user.name=JIANGLEI
[2024-07-17 16:43:51.962] INFO 29480 simplejob-finance [restartedMain] [org.apache.zookeeper.ZooKeeper]:Client environment:user.home=C:\Users\JIANGLEI
[2024-07-17 16:43:51.962] INFO 29480 simplejob-finance [restartedMain] [org.apache.zookeeper.ZooKeeper]:Client environment:user.dir=D:\JIANGLEI\FinanceWORKSPACE\finance-master
[2024-07-17 16:43:51.962] INFO 29480 simplejob-finance [restartedMain] [org.apache.zookeeper.ZooKeeper]:Client environment:os.memory.free=267MB
[2024-07-17 16:43:51.962] INFO 29480 simplejob-finance [restartedMain] [org.apache.zookeeper.ZooKeeper]:Client environment:os.memory.max=3612MB
[2024-07-17 16:43:51.962] INFO 29480 simplejob-finance [restartedMain] [org.apache.zookeeper.ZooKeeper]:Client environment:os.memory.total=317MB
[2024-07-17 16:43:51.965] INFO 29480 simplejob-finance [restartedMain] [org.apache.zookeeper.ZooKeeper]:Initiating client connection, connectString=101.133.227.182:2181 sessionTimeout=60000 watcher=org.apache.curator.ConnectionState@608dbbfb
[2024-07-17 16:43:51.968] INFO 29480 simplejob-finance [restartedMain] [org.apache.zookeeper.common.X509Util]:Setting -D jdk.tls.rejectClientInitiatedRenegotiation=true to disable client-initiated TLS renegotiation
[2024-07-17 16:43:51.979] INFO 29480 simplejob-finance [restartedMain] [org.apache.zookeeper.ClientCnxnSocket]:jute.maxbuffer value is 1048575 Bytes
[2024-07-17 16:43:51.984] INFO 29480 simplejob-finance [restartedMain] [org.apache.zookeeper.ClientCnxn]:zookeeper.request.timeout value is 0. feature enabled=false
[2024-07-17 16:43:51.994] INFO 29480 simplejob-finance [restartedMain] [org.apache.curator.framework.imps.CuratorFrameworkImpl]:Default schema
[2024-07-17 16:44:12.202] INFO 29480 simplejob-finance [Curator-Framework-0] [org.apache.curator.framework.state.ConnectionStateManager]:State change: SUSPENDED
[2024-07-17 16:44:12.204] ERROR 29480 simplejob-finance [Curator-Framework-0] [org.apache.curator.framework.imps.CuratorFrameworkImpl]:Background operation retry gave up
org.apache.zookeeper.KeeperException$ConnectionLossException: KeeperErrorCode = ConnectionLoss
	at org.apache.zookeeper.KeeperException.create(KeeperException.java:102)
	at org.apache.curator.framework.imps.CuratorFrameworkImpl.checkBackgroundRetry(CuratorFrameworkImpl.java:851)
	at org.apache.curator.framework.imps.CuratorFrameworkImpl.performBackgroundOperation(CuratorFrameworkImpl.java:999)
	at org.apache.curator.framework.imps.CuratorFrameworkImpl.backgroundOperationsLoop(CuratorFrameworkImpl.java:952)
	at org.apache.curator.framework.imps.CuratorFrameworkImpl.access$300(CuratorFrameworkImpl.java:66)
	at org.apache.curator.framework.imps.CuratorFrameworkImpl$4.call(CuratorFrameworkImpl.java:342)
	at java.util.concurrent.FutureTask.run$$$capture(FutureTask.java:266)
	at java.util.concurrent.FutureTask.run(FutureTask.java)
	at java.util.concurrent.ScheduledThreadPoolExecutor$ScheduledFutureTask.access$201(ScheduledThreadPoolExecutor.java:180)
	at java.util.concurrent.ScheduledThreadPoolExecutor$ScheduledFutureTask.run(ScheduledThreadPoolExecutor.java:293)
	at java.util.concurrent.ThreadPoolExecutor.runWorker(ThreadPoolExecutor.java:1149)
	at java.util.concurrent.ThreadPoolExecutor$Worker.run(ThreadPoolExecutor.java:624)
	at java.lang.Thread.run(Thread.java:748)
[2024-07-17 16:44:12.205] ERROR 29480 simplejob-finance [Curator-Framework-0] [org.apache.curator.framework.imps.CuratorFrameworkImpl]:Background retry gave up
org.apache.curator.CuratorConnectionLossException: KeeperErrorCode = ConnectionLoss
	at org.apache.curator.framework.imps.CuratorFrameworkImpl.performBackgroundOperation(CuratorFrameworkImpl.java:981)
	at org.apache.curator.framework.imps.CuratorFrameworkImpl.backgroundOperationsLoop(CuratorFrameworkImpl.java:952)
	at org.apache.curator.framework.imps.CuratorFrameworkImpl.access$300(CuratorFrameworkImpl.java:66)
	at org.apache.curator.framework.imps.CuratorFrameworkImpl$4.call(CuratorFrameworkImpl.java:342)
	at java.util.concurrent.FutureTask.run$$$capture(FutureTask.java:266)
	at java.util.concurrent.FutureTask.run(FutureTask.java)
	at java.util.concurrent.ScheduledThreadPoolExecutor$ScheduledFutureTask.access$201(ScheduledThreadPoolExecutor.java:180)
	at java.util.concurrent.ScheduledThreadPoolExecutor$ScheduledFutureTask.run(ScheduledThreadPoolExecutor.java:293)
	at java.util.concurrent.ThreadPoolExecutor.runWorker(ThreadPoolExecutor.java:1149)
	at java.util.concurrent.ThreadPoolExecutor$Worker.run(ThreadPoolExecutor.java:624)
	at java.lang.Thread.run(Thread.java:748)
[2024-07-17 16:44:14.907] INFO 29480 simplejob-finance [restartedMain-SendThread(101.133.227.182:2181)] [org.apache.zookeeper.ClientCnxn]:Opening socket connection to server 101.133.227.182/101.133.227.182:2181.
[2024-07-17 16:44:14.907] INFO 29480 simplejob-finance [restartedMain-SendThread(101.133.227.182:2181)] [org.apache.zookeeper.ClientCnxn]:SASL config status: Will not attempt to authenticate using SASL (unknown error)
[2024-07-17 16:44:14.916] INFO 29480 simplejob-finance [restartedMain-SendThread(101.133.227.182:2181)] [org.apache.zookeeper.ClientCnxn]:Socket connection established, initiating session, client: /172.16.160.131:63533, server: 101.133.227.182/101.133.227.182:2181
[2024-07-17 16:44:14.934] INFO 29480 simplejob-finance [restartedMain-SendThread(101.133.227.182:2181)] [org.apache.zookeeper.ClientCnxn]:Session establishment complete on server 101.133.227.182/101.133.227.182:2181, session id = 0x10001990dfc0028, negotiated timeout = 40000
[2024-07-17 16:44:14.937] INFO 29480 simplejob-finance [restartedMain-EventThread] [org.apache.curator.framework.state.ConnectionStateManager]:State change: CONNECTED
[2024-07-17 16:44:14.943] INFO 29480 simplejob-finance [restartedMain] [com.zaxxer.hikari.HikariDataSource]:HikariPool-1 - Starting...
[2024-07-17 16:44:14.969] INFO 29480 simplejob-finance [restartedMain-EventThread] [org.apache.curator.framework.imps.EnsembleTracker]:New config event received: {}
[2024-07-17 16:44:15.416] INFO 29480 simplejob-finance [restartedMain] [com.zaxxer.hikari.HikariDataSource]:HikariPool-1 - Start completed.
[2024-07-17 16:44:15.664] INFO 29480 simplejob-finance [restartedMain] [org.springframework.boot.devtools.autoconfigure.OptionalLiveReloadServer]:LiveReload server is running on port 35729
[2024-07-17 16:44:15.667] INFO 29480 simplejob-finance [restartedMain] [org.springframework.boot.actuate.endpoint.web.EndpointLinksResolver]:Exposing 2 endpoint(s) beneath base path '/actuator'
[2024-07-17 16:44:15.687] INFO 29480 simplejob-finance [restartedMain] [org.apache.shardingsphere.elasticjob.lite.spring.boot.job.ElasticJobBootstrapConfiguration]:creating Job Bootstrap Beans
[2024-07-17 16:44:15.714] INFO 29480 simplejob-finance [restartedMain] [org.apache.shardingsphere.elasticjob.lite.spring.core.setup.SpringProxyJobClassNameProvider]:create SpringProxyJobClassNameProvider
[2024-07-17 16:44:16.106] INFO 29480 simplejob-finance [restartedMain] [org.quartz.impl.StdSchedulerFactory]:Using default implementation for ThreadExecutor
[2024-07-17 16:44:16.117] INFO 29480 simplejob-finance [restartedMain] [org.quartz.core.SchedulerSignalerImpl]:Initialized Scheduler Signaller of type: class org.quartz.core.SchedulerSignalerImpl
[2024-07-17 16:44:16.118] INFO 29480 simplejob-finance [restartedMain] [org.quartz.core.QuartzScheduler]:Quartz Scheduler v.2.3.2 created.
[2024-07-17 16:44:16.118] INFO 29480 simplejob-finance [restartedMain] [org.apache.shardingsphere.elasticjob.lite.internal.schedule.JobShutdownHookPlugin]:Registering Quartz shutdown hook. FetchSharesListJobDaily
[2024-07-17 16:44:16.119] INFO 29480 simplejob-finance [restartedMain] [org.quartz.simpl.RAMJobStore]:RAMJobStore initialized.
[2024-07-17 16:44:16.119] INFO 29480 simplejob-finance [restartedMain] [org.quartz.core.QuartzScheduler]:Scheduler meta-data: Quartz Scheduler (v2.3.2) 'FetchSharesListJobDaily' with instanceId 'NON_CLUSTERED'
  Scheduler class: 'org.quartz.core.QuartzScheduler' - running locally.
  NOT STARTED.
  Currently in standby mode.
  Number of jobs executed: 0
  Using thread pool 'org.quartz.simpl.SimpleThreadPool' - with 1 threads.
  Using job-store 'org.quartz.simpl.RAMJobStore' - which does not support persistence. and is not clustered.

[2024-07-17 16:44:16.119] INFO 29480 simplejob-finance [restartedMain] [org.quartz.impl.StdSchedulerFactory]:Quartz scheduler 'FetchSharesListJobDaily' initialized from an externally provided properties instance.
[2024-07-17 16:44:16.119] INFO 29480 simplejob-finance [restartedMain] [org.quartz.impl.StdSchedulerFactory]:Quartz scheduler version: 2.3.2
[2024-07-17 16:44:16.130] INFO 29480 simplejob-finance [restartedMain] [org.apache.curator.utils.Compatibility]:Using org.apache.zookeeper.server.quorum.MultipleAddresses
[2024-07-17 16:44:16.619] INFO 29480 simplejob-finance [restartedMain] [org.quartz.impl.StdSchedulerFactory]:Using default implementation for ThreadExecutor
[2024-07-17 16:44:16.620] INFO 29480 simplejob-finance [restartedMain] [org.quartz.core.SchedulerSignalerImpl]:Initialized Scheduler Signaller of type: class org.quartz.core.SchedulerSignalerImpl
[2024-07-17 16:44:16.620] INFO 29480 simplejob-finance [restartedMain] [org.quartz.core.QuartzScheduler]:Quartz Scheduler v.2.3.2 created.
[2024-07-17 16:44:16.620] INFO 29480 simplejob-finance [restartedMain] [org.apache.shardingsphere.elasticjob.lite.internal.schedule.JobShutdownHookPlugin]:Registering Quartz shutdown hook. TradeDateJobDaily
[2024-07-17 16:44:16.620] INFO 29480 simplejob-finance [restartedMain] [org.quartz.simpl.RAMJobStore]:RAMJobStore initialized.
[2024-07-17 16:44:16.620] INFO 29480 simplejob-finance [restartedMain] [org.quartz.core.QuartzScheduler]:Scheduler meta-data: Quartz Scheduler (v2.3.2) 'TradeDateJobDaily' with instanceId 'NON_CLUSTERED'
  Scheduler class: 'org.quartz.core.QuartzScheduler' - running locally.
  NOT STARTED.
  Currently in standby mode.
  Number of jobs executed: 0
  Using thread pool 'org.quartz.simpl.SimpleThreadPool' - with 1 threads.
  Using job-store 'org.quartz.simpl.RAMJobStore' - which does not support persistence. and is not clustered.

[2024-07-17 16:44:16.620] INFO 29480 simplejob-finance [restartedMain] [org.quartz.impl.StdSchedulerFactory]:Quartz scheduler 'TradeDateJobDaily' initialized from an externally provided properties instance.
[2024-07-17 16:44:16.620] INFO 29480 simplejob-finance [restartedMain] [org.quartz.impl.StdSchedulerFactory]:Quartz scheduler version: 2.3.2
[2024-07-17 16:44:16.854] INFO 29480 simplejob-finance [restartedMain] [org.quartz.impl.StdSchedulerFactory]:Using default implementation for ThreadExecutor
[2024-07-17 16:44:16.854] INFO 29480 simplejob-finance [restartedMain] [org.quartz.core.SchedulerSignalerImpl]:Initialized Scheduler Signaller of type: class org.quartz.core.SchedulerSignalerImpl
[2024-07-17 16:44:16.855] INFO 29480 simplejob-finance [restartedMain] [org.quartz.core.QuartzScheduler]:Quartz Scheduler v.2.3.2 created.
[2024-07-17 16:44:16.855] INFO 29480 simplejob-finance [restartedMain] [org.apache.shardingsphere.elasticjob.lite.internal.schedule.JobShutdownHookPlugin]:Registering Quartz shutdown hook. FetchSharesQuotaJobDaily
[2024-07-17 16:44:16.855] INFO 29480 simplejob-finance [restartedMain] [org.quartz.simpl.RAMJobStore]:RAMJobStore initialized.
[2024-07-17 16:44:16.855] INFO 29480 simplejob-finance [restartedMain] [org.quartz.core.QuartzScheduler]:Scheduler meta-data: Quartz Scheduler (v2.3.2) 'FetchSharesQuotaJobDaily' with instanceId 'NON_CLUSTERED'
  Scheduler class: 'org.quartz.core.QuartzScheduler' - running locally.
  NOT STARTED.
  Currently in standby mode.
  Number of jobs executed: 0
  Using thread pool 'org.quartz.simpl.SimpleThreadPool' - with 1 threads.
  Using job-store 'org.quartz.simpl.RAMJobStore' - which does not support persistence. and is not clustered.

[2024-07-17 16:44:16.855] INFO 29480 simplejob-finance [restartedMain] [org.quartz.impl.StdSchedulerFactory]:Quartz scheduler 'FetchSharesQuotaJobDaily' initialized from an externally provided properties instance.
[2024-07-17 16:44:16.855] INFO 29480 simplejob-finance [restartedMain] [org.quartz.impl.StdSchedulerFactory]:Quartz scheduler version: 2.3.2
[2024-07-17 16:44:17.091] INFO 29480 simplejob-finance [restartedMain] [org.quartz.impl.StdSchedulerFactory]:Using default implementation for ThreadExecutor
[2024-07-17 16:44:17.092] INFO 29480 simplejob-finance [restartedMain] [org.quartz.core.SchedulerSignalerImpl]:Initialized Scheduler Signaller of type: class org.quartz.core.SchedulerSignalerImpl
[2024-07-17 16:44:17.092] INFO 29480 simplejob-finance [restartedMain] [org.quartz.core.QuartzScheduler]:Quartz Scheduler v.2.3.2 created.
[2024-07-17 16:44:17.092] INFO 29480 simplejob-finance [restartedMain] [org.apache.shardingsphere.elasticjob.lite.internal.schedule.JobShutdownHookPlugin]:Registering Quartz shutdown hook. FetchSwitchHDailyJob
[2024-07-17 16:44:17.092] INFO 29480 simplejob-finance [restartedMain] [org.quartz.simpl.RAMJobStore]:RAMJobStore initialized.
[2024-07-17 16:44:17.092] INFO 29480 simplejob-finance [restartedMain] [org.quartz.core.QuartzScheduler]:Scheduler meta-data: Quartz Scheduler (v2.3.2) 'FetchSwitchHDailyJob' with instanceId 'NON_CLUSTERED'
  Scheduler class: 'org.quartz.core.QuartzScheduler' - running locally.
  NOT STARTED.
  Currently in standby mode.
  Number of jobs executed: 0
  Using thread pool 'org.quartz.simpl.SimpleThreadPool' - with 1 threads.
  Using job-store 'org.quartz.simpl.RAMJobStore' - which does not support persistence. and is not clustered.

[2024-07-17 16:44:17.092] INFO 29480 simplejob-finance [restartedMain] [org.quartz.impl.StdSchedulerFactory]:Quartz scheduler 'FetchSwitchHDailyJob' initialized from an externally provided properties instance.
[2024-07-17 16:44:17.092] INFO 29480 simplejob-finance [restartedMain] [org.quartz.impl.StdSchedulerFactory]:Quartz scheduler version: 2.3.2
[2024-07-17 16:44:17.326] INFO 29480 simplejob-finance [restartedMain] [org.quartz.impl.StdSchedulerFactory]:Using default implementation for ThreadExecutor
[2024-07-17 16:44:17.327] INFO 29480 simplejob-finance [restartedMain] [org.quartz.core.SchedulerSignalerImpl]:Initialized Scheduler Signaller of type: class org.quartz.core.SchedulerSignalerImpl
[2024-07-17 16:44:17.327] INFO 29480 simplejob-finance [restartedMain] [org.quartz.core.QuartzScheduler]:Quartz Scheduler v.2.3.2 created.
[2024-07-17 16:44:17.327] INFO 29480 simplejob-finance [restartedMain] [org.apache.shardingsphere.elasticjob.lite.internal.schedule.JobShutdownHookPlugin]:Registering Quartz shutdown hook. WeekJiSuanJob
[2024-07-17 16:44:17.327] INFO 29480 simplejob-finance [restartedMain] [org.quartz.simpl.RAMJobStore]:RAMJobStore initialized.
[2024-07-17 16:44:17.327] INFO 29480 simplejob-finance [restartedMain] [org.quartz.core.QuartzScheduler]:Scheduler meta-data: Quartz Scheduler (v2.3.2) 'WeekJiSuanJob' with instanceId 'NON_CLUSTERED'
  Scheduler class: 'org.quartz.core.QuartzScheduler' - running locally.
  NOT STARTED.
  Currently in standby mode.
  Number of jobs executed: 0
  Using thread pool 'org.quartz.simpl.SimpleThreadPool' - with 1 threads.
  Using job-store 'org.quartz.simpl.RAMJobStore' - which does not support persistence. and is not clustered.

[2024-07-17 16:44:17.327] INFO 29480 simplejob-finance [restartedMain] [org.quartz.impl.StdSchedulerFactory]:Quartz scheduler 'WeekJiSuanJob' initialized from an externally provided properties instance.
[2024-07-17 16:44:17.327] INFO 29480 simplejob-finance [restartedMain] [org.quartz.impl.StdSchedulerFactory]:Quartz scheduler version: 2.3.2
[2024-07-17 16:44:17.496] INFO 29480 simplejob-finance [restartedMain] [org.apache.shardingsphere.elasticjob.lite.spring.boot.job.ElasticJobBootstrapConfiguration]:Job Bootstrap Beans created.
[2024-07-17 16:44:17.539] INFO 29480 simplejob-finance [restartedMain] [org.apache.coyote.http11.Http11NioProtocol]:Starting ProtocolHandler ["http-nio-9092"]
[2024-07-17 16:44:17.554] INFO 29480 simplejob-finance [restartedMain] [org.springframework.boot.web.embedded.tomcat.TomcatWebServer]:Tomcat started on port(s): 9092 (http) with context path ''
[2024-07-17 16:44:17.560] INFO 29480 simplejob-finance [restartedMain] [com.simple.job.finance.FinanceJobApplication]:Started FinanceJobApplication in 29.402 seconds (JVM running for 30.631)
[2024-07-17 16:44:17.564] INFO 29480 simplejob-finance [restartedMain] [org.apache.shardingsphere.elasticjob.lite.spring.boot.job.ScheduleJobBootstrapStartupRunner]:Starting ElasticJob Bootstrap.
[2024-07-17 16:44:17.572] INFO 29480 simplejob-finance [restartedMain] [org.quartz.core.QuartzScheduler]:Scheduler FetchSharesListJobDaily_$_NON_CLUSTERED started.
[2024-07-17 16:44:17.573] INFO 29480 simplejob-finance [restartedMain] [org.quartz.core.QuartzScheduler]:Scheduler TradeDateJobDaily_$_NON_CLUSTERED started.
[2024-07-17 16:44:17.574] INFO 29480 simplejob-finance [restartedMain] [org.quartz.core.QuartzScheduler]:Scheduler FetchSharesQuotaJobDaily_$_NON_CLUSTERED started.
[2024-07-17 16:44:17.575] INFO 29480 simplejob-finance [restartedMain] [org.quartz.core.QuartzScheduler]:Scheduler FetchSwitchHDailyJob_$_NON_CLUSTERED started.
[2024-07-17 16:44:17.575] INFO 29480 simplejob-finance [restartedMain] [org.quartz.core.QuartzScheduler]:Scheduler WeekJiSuanJob_$_NON_CLUSTERED started.
[2024-07-17 16:44:17.575] INFO 29480 simplejob-finance [restartedMain] [org.apache.shardingsphere.elasticjob.lite.spring.boot.job.ScheduleJobBootstrapStartupRunner]:ElasticJob Bootstrap started.
[2024-07-17 16:44:17.905] INFO 29480 simplejob-finance [RMI TCP Connection(3)-172.16.160.131] [org.apache.catalina.core.ContainerBase.[Tomcat].[localhost].[/]]:Initializing Spring DispatcherServlet 'dispatcherServlet'
[2024-07-17 16:44:17.905] INFO 29480 simplejob-finance [RMI TCP Connection(3)-172.16.160.131] [org.springframework.web.servlet.DispatcherServlet]:Initializing Servlet 'dispatcherServlet'
[2024-07-17 16:44:17.910] INFO 29480 simplejob-finance [RMI TCP Connection(3)-172.16.160.131] [org.springframework.web.servlet.DispatcherServlet]:Completed initialization in 5 ms
[2024-07-17 16:44:39.588] INFO 29480 simplejob-finance [WeekJiSuanJob_Worker-1] [com.simple.job.finance.job.WeekJiSuanJob]:WeekJiSuanJob start 2024年07月17日16时44分39秒
[2024-07-17 16:44:51.475] INFO 29480 simplejob-finance [WeekJiSuanJob_Worker-1] [com.simple.job.finance.job.WeekJiSuanJob]:开始处理...{"calDate":"20240621","creatTime":1718964000000,"dealFalgFirst":1,"dealFlag":"1","exchange":"SSE","id":175,"isOpen":1,"modyfiTime":1721128162000,"weekDealFlag":"0","weekInfo":"5"}
[2024-07-17 16:45:42.759] WARN 29480 simplejob-finance [HikariPool-1 housekeeper] [com.zaxxer.hikari.pool.HikariPool]:HikariPool-1 - Thread starvation or clock leap detected (housekeeper delta=51s419ms90µs900ns).
[2024-07-17 16:45:42.759] WARN 29480 simplejob-finance [restartedMain-SendThread(101.133.227.182:2181)] [org.apache.zookeeper.ClientCnxn]:Client session timed out, have not heard from server in 32962ms for session id 0x10001990dfc0028
[2024-07-17 16:45:42.760] WARN 29480 simplejob-finance [restartedMain-SendThread(101.133.227.182:2181)] [org.apache.zookeeper.ClientCnxn]:Session 0x10001990dfc0028 for sever 101.133.227.182/101.133.227.182:2181, Closing socket connection. Attempting reconnect except it is a SessionExpiredException.
org.apache.zookeeper.ClientCnxn$SessionTimeoutException: Client session timed out, have not heard from server in 32962ms for session id 0x10001990dfc0028
	at org.apache.zookeeper.ClientCnxn$SendThread.run(ClientCnxn.java:1230)
[2024-07-17 16:45:53.098] INFO 29480 simplejob-finance [restartedMain-EventThread] [org.apache.curator.framework.state.ConnectionStateManager]:State change: SUSPENDED
[2024-07-17 16:46:49.684] WARN 29480 simplejob-finance [Curator-ConnectionStateManager-0] [org.apache.curator.framework.state.ConnectionStateManager]:Session timeout has elapsed while SUSPENDED. Injecting a session expiration. Elapsed ms: 56586. Adjusted session timeout ms: 40000
[2024-07-17 16:46:53.422] INFO 29480 simplejob-finance [Curator-ConnectionStateManager-0] [org.apache.zookeeper.ZooKeeperTestable]:injectSessionExpiration() called
[2024-07-17 16:46:56.362] WARN 29480 simplejob-finance [restartedMain-EventThread] [org.apache.curator.ConnectionState]:Session expired event received
[2024-07-17 16:46:56.364] INFO 29480 simplejob-finance [restartedMain-EventThread] [org.apache.zookeeper.ZooKeeper]:Initiating client connection, connectString=101.133.227.182:2181 sessionTimeout=60000 watcher=org.apache.curator.ConnectionState@608dbbfb
[2024-07-17 16:46:58.795] INFO 29480 simplejob-finance [restartedMain-EventThread] [org.apache.zookeeper.ClientCnxnSocket]:jute.maxbuffer value is 1048575 Bytes
[2024-07-17 16:46:58.795] INFO 29480 simplejob-finance [restartedMain-EventThread] [org.apache.zookeeper.ClientCnxn]:zookeeper.request.timeout value is 0. feature enabled=false
[2024-07-17 16:46:58.797] INFO 29480 simplejob-finance [restartedMain-EventThread] [org.apache.curator.framework.state.ConnectionStateManager]:State change: LOST
[2024-07-17 16:46:58.797] INFO 29480 simplejob-finance [restartedMain-EventThread] [org.apache.zookeeper.ClientCnxn]:EventThread shut down for session: 0x10001990dfc0028
[2024-07-17 16:47:23.793] INFO 29480 simplejob-finance [restartedMain-SendThread(101.133.227.182:2181)] [org.apache.zookeeper.ClientCnxn]:Opening socket connection to server 101.133.227.182/101.133.227.182:2181.
[2024-07-17 16:47:23.793] INFO 29480 simplejob-finance [restartedMain-SendThread(101.133.227.182:2181)] [org.apache.zookeeper.ClientCnxn]:SASL config status: Will not attempt to authenticate using SASL (unknown error)
[2024-07-17 16:47:46.566] INFO 29480 simplejob-finance [restartedMain-SendThread(101.133.227.182:2181)] [org.apache.zookeeper.ClientCnxn]:Opening socket connection to server 101.133.227.182/101.133.227.182:2181.
[2024-07-17 16:47:46.566] INFO 29480 simplejob-finance [restartedMain-SendThread(101.133.227.182:2181)] [org.apache.zookeeper.ClientCnxn]:SASL config status: Will not attempt to authenticate using SASL (unknown error)
[2024-07-17 16:47:47.253] INFO 29480 simplejob-finance [restartedMain-SendThread(101.133.227.182:2181)] [org.apache.zookeeper.ClientCnxn]:Socket connection established, initiating session, client: /172.16.160.131:63789, server: 101.133.227.182/101.133.227.182:2181
[2024-07-17 16:47:48.535] INFO 29480 simplejob-finance [restartedMain-SendThread(101.133.227.182:2181)] [org.apache.zookeeper.ClientCnxn]:Session establishment complete on server 101.133.227.182/101.133.227.182:2181, session id = 0x10001990dfc0029, negotiated timeout = 40000
[2024-07-17 16:47:48.537] INFO 29480 simplejob-finance [restartedMain-EventThread] [org.apache.curator.framework.state.ConnectionStateManager]:State change: RECONNECTED
[2024-07-17 16:47:58.444] ERROR 29480 simplejob-finance [WeekJiSuanJob_Worker-1] [com.simple.job.finance.job.WeekJiSuanJob]:WeekJiSuanJob has Exception:java.lang.ArithmeticException: Non-terminating decimal expansion; no exact representable decimal result.
	at java.math.BigDecimal.divide(BigDecimal.java:1693)
	at com.simple.job.finance.service.impl.WeekJiSuanJobServiceImpl.weekJiSuanAction(WeekJiSuanJobServiceImpl.java:73)
	at com.simple.job.finance.job.WeekJiSuanJob.execute(WeekJiSuanJob.java:41)
	at org.apache.shardingsphere.elasticjob.simple.executor.SimpleJobExecutor.process(SimpleJobExecutor.java:33)
	at org.apache.shardingsphere.elasticjob.simple.executor.SimpleJobExecutor.process(SimpleJobExecutor.java:29)
	at org.apache.shardingsphere.elasticjob.executor.ElasticJobExecutor.process(ElasticJobExecutor.java:172)
	at org.apache.shardingsphere.elasticjob.executor.ElasticJobExecutor.process(ElasticJobExecutor.java:141)
	at org.apache.shardingsphere.elasticjob.executor.ElasticJobExecutor.execute(ElasticJobExecutor.java:124)
	at org.apache.shardingsphere.elasticjob.executor.ElasticJobExecutor.execute(ElasticJobExecutor.java:100)
	at org.apache.shardingsphere.elasticjob.lite.internal.schedule.LiteJob.execute(LiteJob.java:35)
	at org.quartz.core.JobRunShell.run(JobRunShell.java:202)
	at org.quartz.simpl.SimpleThreadPool$WorkerThread.run(SimpleThreadPool.java:573)

[2024-07-17 16:47:58.445] INFO 29480 simplejob-finance [WeekJiSuanJob_Worker-1] [com.simple.job.finance.job.WeekJiSuanJob]:WeekJiSuanJob end 2024年07月17日16时47分58秒
[2024-07-17 16:47:58.480] INFO 29480 simplejob-finance [Quartz Shutdown-Hook FetchSharesQuotaJobDaily] [org.apache.shardingsphere.elasticjob.lite.internal.schedule.JobShutdownHookPlugin]:Shutting down Quartz... FetchSharesQuotaJobDaily
[2024-07-17 16:47:58.481] INFO 29480 simplejob-finance [Quartz Shutdown-Hook FetchSharesQuotaJobDaily] [org.quartz.core.QuartzScheduler]:Scheduler FetchSharesQuotaJobDaily_$_NON_CLUSTERED shutting down.
[2024-07-17 16:47:58.481] INFO 29480 simplejob-finance [Quartz Shutdown-Hook FetchSharesQuotaJobDaily] [org.quartz.core.QuartzScheduler]:Scheduler FetchSharesQuotaJobDaily_$_NON_CLUSTERED paused.
[2024-07-17 16:47:58.481] INFO 29480 simplejob-finance [Quartz Shutdown-Hook FetchSharesListJobDaily] [org.apache.shardingsphere.elasticjob.lite.internal.schedule.JobShutdownHookPlugin]:Shutting down Quartz... FetchSharesListJobDaily
[2024-07-17 16:47:58.481] INFO 29480 simplejob-finance [Quartz Shutdown-Hook FetchSharesListJobDaily] [org.quartz.core.QuartzScheduler]:Scheduler FetchSharesListJobDaily_$_NON_CLUSTERED shutting down.
[2024-07-17 16:47:58.481] INFO 29480 simplejob-finance [Quartz Shutdown-Hook FetchSharesListJobDaily] [org.quartz.core.QuartzScheduler]:Scheduler FetchSharesListJobDaily_$_NON_CLUSTERED paused.
[2024-07-17 16:47:58.482] INFO 29480 simplejob-finance [Quartz Shutdown-Hook WeekJiSuanJob] [org.apache.shardingsphere.elasticjob.lite.internal.schedule.JobShutdownHookPlugin]:Shutting down Quartz... WeekJiSuanJob
[2024-07-17 16:47:58.482] INFO 29480 simplejob-finance [Quartz Shutdown-Hook TradeDateJobDaily] [org.apache.shardingsphere.elasticjob.lite.internal.schedule.JobShutdownHookPlugin]:Shutting down Quartz... TradeDateJobDaily
[2024-07-17 16:47:58.482] INFO 29480 simplejob-finance [Quartz Shutdown-Hook WeekJiSuanJob] [org.quartz.core.QuartzScheduler]:Scheduler WeekJiSuanJob_$_NON_CLUSTERED shutting down.
[2024-07-17 16:47:58.482] INFO 29480 simplejob-finance [Quartz Shutdown-Hook TradeDateJobDaily] [org.quartz.core.QuartzScheduler]:Scheduler TradeDateJobDaily_$_NON_CLUSTERED shutting down.
[2024-07-17 16:47:58.482] INFO 29480 simplejob-finance [Quartz Shutdown-Hook WeekJiSuanJob] [org.quartz.core.QuartzScheduler]:Scheduler WeekJiSuanJob_$_NON_CLUSTERED paused.
[2024-07-17 16:47:58.482] INFO 29480 simplejob-finance [Quartz Shutdown-Hook TradeDateJobDaily] [org.quartz.core.QuartzScheduler]:Scheduler TradeDateJobDaily_$_NON_CLUSTERED paused.
[2024-07-17 16:47:58.482] INFO 29480 simplejob-finance [Quartz Shutdown-Hook FetchSwitchHDailyJob] [org.apache.shardingsphere.elasticjob.lite.internal.schedule.JobShutdownHookPlugin]:Shutting down Quartz... FetchSwitchHDailyJob
[2024-07-17 16:47:58.482] INFO 29480 simplejob-finance [Quartz Shutdown-Hook FetchSwitchHDailyJob] [org.quartz.core.QuartzScheduler]:Scheduler FetchSwitchHDailyJob_$_NON_CLUSTERED shutting down.
[2024-07-17 16:47:58.482] INFO 29480 simplejob-finance [Quartz Shutdown-Hook FetchSwitchHDailyJob] [org.quartz.core.QuartzScheduler]:Scheduler FetchSwitchHDailyJob_$_NON_CLUSTERED paused.
[2024-07-17 16:59:31.364] INFO 29824 simplejob-finance [restartedMain] [com.simple.job.finance.FinanceJobApplication]:Starting FinanceJobApplication on DESKTOP-SOPT3QG with PID 29824 (D:\JIANGLEI\FinanceWORKSPACE\finance-master\simplejob-finance\target\classes started by JIANGLEI in D:\JIANGLEI\FinanceWORKSPACE\finance-master)
[2024-07-17 16:59:31.367] INFO 29824 simplejob-finance [restartedMain] [com.simple.job.finance.FinanceJobApplication]:No active profile set, falling back to default profiles: default
[2024-07-17 16:59:31.407] INFO 29824 simplejob-finance [restartedMain] [org.springframework.boot.devtools.env.DevToolsPropertyDefaultsPostProcessor]:Devtools property defaults active! Set 'spring.devtools.add-properties' to 'false' to disable
[2024-07-17 16:59:31.407] INFO 29824 simplejob-finance [restartedMain] [org.springframework.boot.devtools.env.DevToolsPropertyDefaultsPostProcessor]:For additional web related logging consider setting the 'logging.level.web' property to 'DEBUG'
[2024-07-17 16:59:31.697] WARN 29824 simplejob-finance [RMI TCP Accept-0] [sun.rmi.transport.tcp]:RMI TCP Accept-0: accept loop for ServerSocket[addr=0.0.0.0/0.0.0.0,localport=65219] throws
java.io.IOException: The server sockets created using the LocalRMIServerSocketFactory only accept connections from clients running on the host where the RMI remote objects have been exported.
	at sun.management.jmxremote.LocalRMIServerSocketFactory$1.accept(LocalRMIServerSocketFactory.java:114)
	at sun.rmi.transport.tcp.TCPTransport$AcceptLoop.executeAcceptLoop(TCPTransport.java:405)
	at sun.rmi.transport.tcp.TCPTransport$AcceptLoop.run(TCPTransport.java:377)
	at java.lang.Thread.run(Thread.java:748)
[2024-07-17 16:59:32.303] WARN 29824 simplejob-finance [RMI TCP Accept-0] [sun.rmi.transport.tcp]:RMI TCP Accept-0: accept loop for ServerSocket[addr=0.0.0.0/0.0.0.0,localport=65219] throws
java.io.IOException: The server sockets created using the LocalRMIServerSocketFactory only accept connections from clients running on the host where the RMI remote objects have been exported.
	at sun.management.jmxremote.LocalRMIServerSocketFactory$1.accept(LocalRMIServerSocketFactory.java:114)
	at sun.rmi.transport.tcp.TCPTransport$AcceptLoop.executeAcceptLoop(TCPTransport.java:405)
	at sun.rmi.transport.tcp.TCPTransport$AcceptLoop.run(TCPTransport.java:377)
	at java.lang.Thread.run(Thread.java:748)
[2024-07-17 16:59:32.398] INFO 29824 simplejob-finance [restartedMain] [org.springframework.context.support.PostProcessorRegistrationDelegate$BeanPostProcessorChecker]:Bean 'org.springframework.transaction.annotation.ProxyTransactionManagementConfiguration' of type [org.springframework.transaction.annotation.ProxyTransactionManagementConfiguration] is not eligible for getting processed by all BeanPostProcessors (for example: not eligible for auto-proxying)
[2024-07-17 16:59:32.400] WARN 29824 simplejob-finance [RMI TCP Accept-0] [sun.rmi.transport.tcp]:RMI TCP Accept-0: accept loop for ServerSocket[addr=0.0.0.0/0.0.0.0,localport=65219] throws
java.io.IOException: The server sockets created using the LocalRMIServerSocketFactory only accept connections from clients running on the host where the RMI remote objects have been exported.
	at sun.management.jmxremote.LocalRMIServerSocketFactory$1.accept(LocalRMIServerSocketFactory.java:114)
	at sun.rmi.transport.tcp.TCPTransport$AcceptLoop.executeAcceptLoop(TCPTransport.java:405)
	at sun.rmi.transport.tcp.TCPTransport$AcceptLoop.run(TCPTransport.java:377)
	at java.lang.Thread.run(Thread.java:748)
[2024-07-17 16:59:32.722] INFO 29824 simplejob-finance [restartedMain] [org.springframework.boot.web.embedded.tomcat.TomcatWebServer]:Tomcat initialized with port(s): 9092 (http)
[2024-07-17 16:59:32.731] INFO 29824 simplejob-finance [restartedMain] [org.apache.coyote.http11.Http11NioProtocol]:Initializing ProtocolHandler ["http-nio-9092"]
[2024-07-17 16:59:32.732] INFO 29824 simplejob-finance [restartedMain] [org.apache.catalina.core.StandardService]:Starting service [Tomcat]
[2024-07-17 16:59:32.732] INFO 29824 simplejob-finance [restartedMain] [org.apache.catalina.core.StandardEngine]:Starting Servlet engine: [Apache Tomcat/9.0.27]
[2024-07-17 16:59:32.874] INFO 29824 simplejob-finance [restartedMain] [org.apache.catalina.core.ContainerBase.[Tomcat].[localhost].[/]]:Initializing Spring embedded WebApplicationContext
[2024-07-17 16:59:32.874] INFO 29824 simplejob-finance [restartedMain] [org.springframework.web.context.ContextLoader]:Root WebApplicationContext: initialization completed in 1467 ms
[2024-07-17 16:59:32.945] WARN 29824 simplejob-finance [RMI TCP Accept-0] [sun.rmi.transport.tcp]:RMI TCP Accept-0: accept loop for ServerSocket[addr=0.0.0.0/0.0.0.0,localport=65219] throws
java.io.IOException: The server sockets created using the LocalRMIServerSocketFactory only accept connections from clients running on the host where the RMI remote objects have been exported.
	at sun.management.jmxremote.LocalRMIServerSocketFactory$1.accept(LocalRMIServerSocketFactory.java:114)
	at sun.rmi.transport.tcp.TCPTransport$AcceptLoop.executeAcceptLoop(TCPTransport.java:405)
	at sun.rmi.transport.tcp.TCPTransport$AcceptLoop.run(TCPTransport.java:377)
	at java.lang.Thread.run(Thread.java:748)
[2024-07-17 16:59:33.547] WARN 29824 simplejob-finance [RMI TCP Accept-0] [sun.rmi.transport.tcp]:RMI TCP Accept-0: accept loop for ServerSocket[addr=0.0.0.0/0.0.0.0,localport=65219] throws
java.io.IOException: The server sockets created using the LocalRMIServerSocketFactory only accept connections from clients running on the host where the RMI remote objects have been exported.
	at sun.management.jmxremote.LocalRMIServerSocketFactory$1.accept(LocalRMIServerSocketFactory.java:114)
	at sun.rmi.transport.tcp.TCPTransport$AcceptLoop.executeAcceptLoop(TCPTransport.java:405)
	at sun.rmi.transport.tcp.TCPTransport$AcceptLoop.run(TCPTransport.java:377)
	at java.lang.Thread.run(Thread.java:748)
[2024-07-17 16:59:33.828] INFO 29824 simplejob-finance [restartedMain] [org.springframework.scheduling.concurrent.ThreadPoolTaskExecutor]:Initializing ExecutorService 'applicationTaskExecutor'
[2024-07-17 16:59:33.992] INFO 29824 simplejob-finance [restartedMain] [org.apache.curator.framework.imps.CuratorFrameworkImpl]:Starting
[2024-07-17 16:59:34.007] INFO 29824 simplejob-finance [restartedMain] [org.apache.zookeeper.ZooKeeper]:Client environment:zookeeper.version=3.6.0--b4c89dc7f6083829e18fae6e446907ae0b1f22d7, built on 02/25/2020 14:38 GMT
[2024-07-17 16:59:34.008] INFO 29824 simplejob-finance [restartedMain] [org.apache.zookeeper.ZooKeeper]:Client environment:host.name=DESKTOP-SOPT3QG
[2024-07-17 16:59:34.008] INFO 29824 simplejob-finance [restartedMain] [org.apache.zookeeper.ZooKeeper]:Client environment:java.version=1.8.0_251
[2024-07-17 16:59:34.008] INFO 29824 simplejob-finance [restartedMain] [org.apache.zookeeper.ZooKeeper]:Client environment:java.vendor=Oracle Corporation
[2024-07-17 16:59:34.008] INFO 29824 simplejob-finance [restartedMain] [org.apache.zookeeper.ZooKeeper]:Client environment:java.home=C:\Program Files\Java\jdk1.8.0_251\jre
[2024-07-17 16:59:34.008] INFO 29824 simplejob-finance [restartedMain] [org.apache.zookeeper.ZooKeeper]:Client environment:java.class.path=C:\Program Files\Java\jdk1.8.0_251\jre\lib\charsets.jar;C:\Program Files\Java\jdk1.8.0_251\jre\lib\deploy.jar;C:\Program Files\Java\jdk1.8.0_251\jre\lib\ext\access-bridge-64.jar;C:\Program Files\Java\jdk1.8.0_251\jre\lib\ext\cldrdata.jar;C:\Program Files\Java\jdk1.8.0_251\jre\lib\ext\dnsns.jar;C:\Program Files\Java\jdk1.8.0_251\jre\lib\ext\jaccess.jar;C:\Program Files\Java\jdk1.8.0_251\jre\lib\ext\jfxrt.jar;C:\Program Files\Java\jdk1.8.0_251\jre\lib\ext\localedata.jar;C:\Program Files\Java\jdk1.8.0_251\jre\lib\ext\nashorn.jar;C:\Program Files\Java\jdk1.8.0_251\jre\lib\ext\sunec.jar;C:\Program Files\Java\jdk1.8.0_251\jre\lib\ext\sunjce_provider.jar;C:\Program Files\Java\jdk1.8.0_251\jre\lib\ext\sunmscapi.jar;C:\Program Files\Java\jdk1.8.0_251\jre\lib\ext\sunpkcs11.jar;C:\Program Files\Java\jdk1.8.0_251\jre\lib\ext\zipfs.jar;C:\Program Files\Java\jdk1.8.0_251\jre\lib\javaws.jar;C:\Program Files\Java\jdk1.8.0_251\jre\lib\jce.jar;C:\Program Files\Java\jdk1.8.0_251\jre\lib\jfr.jar;C:\Program Files\Java\jdk1.8.0_251\jre\lib\jfxswt.jar;C:\Program Files\Java\jdk1.8.0_251\jre\lib\jsse.jar;C:\Program Files\Java\jdk1.8.0_251\jre\lib\management-agent.jar;C:\Program Files\Java\jdk1.8.0_251\jre\lib\plugin.jar;C:\Program Files\Java\jdk1.8.0_251\jre\lib\resources.jar;C:\Program Files\Java\jdk1.8.0_251\jre\lib\rt.jar;D:\JIANGLEI\FinanceWORKSPACE\finance-master\simplejob-finance\target\classes;D:\JIANGLEI\INSTALLSOFT\mvnrepositoryTwo\org\projectlombok\lombok\1.18.10\lombok-1.18.10.jar;D:\JIANGLEI\INSTALLSOFT\mvnrepositoryTwo\org\springframework\boot\spring-boot-starter\2.2.1.RELEASE\spring-boot-starter-2.2.1.RELEASE.jar;D:\JIANGLEI\INSTALLSOFT\mvnrepositoryTwo\org\springframework\boot\spring-boot-starter-logging\2.2.1.RELEASE\spring-boot-starter-logging-2.2.1.RELEASE.jar;D:\JIANGLEI\INSTALLSOFT\mvnrepositoryTwo\ch\qos\logback\logback-classic\1.2.3\logback-classic-1.2.3.jar;D:\JIANGLEI\INSTALLSOFT\mvnrepositoryTwo\ch\qos\logback\logback-core\1.2.3\logback-core-1.2.3.jar;D:\JIANGLEI\INSTALLSOFT\mvnrepositoryTwo\org\apache\logging\log4j\log4j-to-slf4j\2.12.1\log4j-to-slf4j-2.12.1.jar;D:\JIANGLEI\INSTALLSOFT\mvnrepositoryTwo\org\apache\logging\log4j\log4j-api\2.12.1\log4j-api-2.12.1.jar;D:\JIANGLEI\INSTALLSOFT\mvnrepositoryTwo\org\slf4j\jul-to-slf4j\1.7.29\jul-to-slf4j-1.7.29.jar;D:\JIANGLEI\INSTALLSOFT\mvnrepositoryTwo\jakarta\annotation\jakarta.annotation-api\1.3.5\jakarta.annotation-api-1.3.5.jar;D:\JIANGLEI\INSTALLSOFT\mvnrepositoryTwo\org\slf4j\slf4j-api\1.7.29\slf4j-api-1.7.29.jar;D:\JIANGLEI\INSTALLSOFT\mvnrepositoryTwo\org\springframework\spring-core\5.2.1.RELEASE\spring-core-5.2.1.RELEASE.jar;D:\JIANGLEI\INSTALLSOFT\mvnrepositoryTwo\org\springframework\spring-jcl\5.2.1.RELEASE\spring-jcl-5.2.1.RELEASE.jar;D:\JIANGLEI\INSTALLSOFT\mvnrepositoryTwo\com\baomidou\mybatis-plus-boot-starter\3.5.1\mybatis-plus-boot-starter-3.5.1.jar;D:\JIANGLEI\INSTALLSOFT\mvnrepositoryTwo\com\baomidou\mybatis-plus\3.5.1\mybatis-plus-3.5.1.jar;D:\JIANGLEI\INSTALLSOFT\mvnrepositoryTwo\com\baomidou\mybatis-plus-extension\3.5.1\mybatis-plus-extension-3.5.1.jar;D:\JIANGLEI\INSTALLSOFT\mvnrepositoryTwo\com\baomidou\mybatis-plus-core\3.5.1\mybatis-plus-core-3.5.1.jar;D:\JIANGLEI\INSTALLSOFT\mvnrepositoryTwo\com\baomidou\mybatis-plus-annotation\3.5.1\mybatis-plus-annotation-3.5.1.jar;D:\JIANGLEI\INSTALLSOFT\mvnrepositoryTwo\com\github\jsqlparser\jsqlparser\4.3\jsqlparser-4.3.jar;D:\JIANGLEI\INSTALLSOFT\mvnrepositoryTwo\org\mybatis\mybatis\3.5.9\mybatis-3.5.9.jar;D:\JIANGLEI\INSTALLSOFT\mvnrepositoryTwo\org\mybatis\mybatis-spring\2.0.6\mybatis-spring-2.0.6.jar;D:\JIANGLEI\INSTALLSOFT\mvnrepositoryTwo\org\springframework\boot\spring-boot-autoconfigure\2.2.1.RELEASE\spring-boot-autoconfigure-2.2.1.RELEASE.jar;D:\JIANGLEI\INSTALLSOFT\mvnrepositoryTwo\com\baomidou\mybatis-plus-generator\3.5.1\mybatis-plus-generator-3.5.1.jar;D:\JIANGLEI\INSTALLSOFT\mvnrepositoryTwo\org\freemarker\freemarker\2.3.31\freemarker-2.3.31.jar;D:\JIANGLEI\INSTALLSOFT\mvnrepositoryTwo\org\springframework\boot\spring-boot-devtools\2.2.1.RELEASE\spring-boot-devtools-2.2.1.RELEASE.jar;D:\JIANGLEI\INSTALLSOFT\mvnrepositoryTwo\org\springframework\boot\spring-boot\2.2.1.RELEASE\spring-boot-2.2.1.RELEASE.jar;D:\JIANGLEI\INSTALLSOFT\mvnrepositoryTwo\org\springframework\spring-context\5.2.1.RELEASE\spring-context-5.2.1.RELEASE.jar;D:\JIANGLEI\INSTALLSOFT\mvnrepositoryTwo\mysql\mysql-connector-java\5.1.47\mysql-connector-java-5.1.47.jar;D:\JIANGLEI\INSTALLSOFT\mvnrepositoryTwo\cn\hutool\hutool-all\5.7.19\hutool-all-5.7.19.jar;D:\JIANGLEI\INSTALLSOFT\mvnrepositoryTwo\joda-time\joda-time\2.9.9\joda-time-2.9.9.jar;D:\JIANGLEI\INSTALLSOFT\mvnrepositoryTwo\com\alibaba\fastjson\2.0.34\fastjson-2.0.34.jar;D:\JIANGLEI\INSTALLSOFT\mvnrepositoryTwo\com\alibaba\fastjson2\fastjson2-extension\2.0.34\fastjson2-extension-2.0.34.jar;D:\JIANGLEI\INSTALLSOFT\mvnrepositoryTwo\com\alibaba\fastjson2\fastjson2\2.0.34\fastjson2-2.0.34.jar;D:\JIANGLEI\INSTALLSOFT\mvnrepositoryTwo\org\springframework\boot\spring-boot-starter-actuator\2.2.1.RELEASE\spring-boot-starter-actuator-2.2.1.RELEASE.jar;D:\JIANGLEI\INSTALLSOFT\mvnrepositoryTwo\org\springframework\boot\spring-boot-actuator-autoconfigure\2.2.1.RELEASE\spring-boot-actuator-autoconfigure-2.2.1.RELEASE.jar;D:\JIANGLEI\INSTALLSOFT\mvnrepositoryTwo\org\springframework\boot\spring-boot-actuator\2.2.1.RELEASE\spring-boot-actuator-2.2.1.RELEASE.jar;D:\JIANGLEI\INSTALLSOFT\mvnrepositoryTwo\com\fasterxml\jackson\core\jackson-databind\2.10.0\jackson-databind-2.10.0.jar;D:\JIANGLEI\INSTALLSOFT\mvnrepositoryTwo\com\fasterxml\jackson\core\jackson-annotations\2.10.0\jackson-annotations-2.10.0.jar;D:\JIANGLEI\INSTALLSOFT\mvnrepositoryTwo\com\fasterxml\jackson\core\jackson-core\2.10.0\jackson-core-2.10.0.jar;D:\JIANGLEI\INSTALLSOFT\mvnrepositoryTwo\com\fasterxml\jackson\datatype\jackson-datatype-jsr310\2.10.0\jackson-datatype-jsr310-2.10.0.jar;D:\JIANGLEI\INSTALLSOFT\mvnrepositoryTwo\io\micrometer\micrometer-core\1.3.1\micrometer-core-1.3.1.jar;D:\JIANGLEI\INSTALLSOFT\mvnrepositoryTwo\org\hdrhistogram\HdrHistogram\2.1.11\HdrHistogram-2.1.11.jar;D:\JIANGLEI\INSTALLSOFT\mvnrepositoryTwo\org\latencyutils\LatencyUtils\2.0.3\LatencyUtils-2.0.3.jar;D:\JIANGLEI\INSTALLSOFT\mvnrepositoryTwo\org\springframework\boot\spring-boot-starter-web\2.2.1.RELEASE\spring-boot-starter-web-2.2.1.RELEASE.jar;D:\JIANGLEI\INSTALLSOFT\mvnrepositoryTwo\org\springframework\boot\spring-boot-starter-json\2.2.1.RELEASE\spring-boot-starter-json-2.2.1.RELEASE.jar;D:\JIANGLEI\INSTALLSOFT\mvnrepositoryTwo\com\fasterxml\jackson\datatype\jackson-datatype-jdk8\2.10.0\jackson-datatype-jdk8-2.10.0.jar;D:\JIANGLEI\INSTALLSOFT\mvnrepositoryTwo\com\fasterxml\jackson\module\jackson-module-parameter-names\2.10.0\jackson-module-parameter-names-2.10.0.jar;D:\JIANGLEI\INSTALLSOFT\mvnrepositoryTwo\org\springframework\boot\spring-boot-starter-tomcat\2.2.1.RELEASE\spring-boot-starter-tomcat-2.2.1.RELEASE.jar;D:\JIANGLEI\INSTALLSOFT\mvnrepositoryTwo\org\apache\tomcat\embed\tomcat-embed-core\9.0.27\tomcat-embed-core-9.0.27.jar;D:\JIANGLEI\INSTALLSOFT\mvnrepositoryTwo\org\apache\tomcat\embed\tomcat-embed-el\9.0.27\tomcat-embed-el-9.0.27.jar;D:\JIANGLEI\INSTALLSOFT\mvnrepositoryTwo\org\apache\tomcat\embed\tomcat-embed-websocket\9.0.27\tomcat-embed-websocket-9.0.27.jar;D:\JIANGLEI\INSTALLSOFT\mvnrepositoryTwo\org\springframework\boot\spring-boot-starter-validation\2.2.1.RELEASE\spring-boot-starter-validation-2.2.1.RELEASE.jar;D:\JIANGLEI\INSTALLSOFT\mvnrepositoryTwo\jakarta\validation\jakarta.validation-api\2.0.1\jakarta.validation-api-2.0.1.jar;D:\JIANGLEI\INSTALLSOFT\mvnrepositoryTwo\org\hibernate\validator\hibernate-validator\6.0.18.Final\hibernate-validator-6.0.18.Final.jar;D:\JIANGLEI\INSTALLSOFT\mvnrepositoryTwo\org\jboss\logging\jboss-logging\3.4.1.Final\jboss-logging-3.4.1.Final.jar;D:\JIANGLEI\INSTALLSOFT\mvnrepositoryTwo\com\fasterxml\classmate\1.5.1\classmate-1.5.1.jar;D:\JIANGLEI\INSTALLSOFT\mvnrepositoryTwo\org\springframework\spring-web\5.2.1.RELEASE\spring-web-5.2.1.RELEASE.jar;D:\JIANGLEI\INSTALLSOFT\mvnrepositoryTwo\org\springframework\spring-beans\5.2.1.RELEASE\spring-beans-5.2.1.RELEASE.jar;D:\JIANGLEI\INSTALLSOFT\mvnrepositoryTwo\org\springframework\spring-webmvc\5.2.1.RELEASE\spring-webmvc-5.2.1.RELEASE.jar;D:\JIANGLEI\INSTALLSOFT\mvnrepositoryTwo\org\springframework\spring-aop\5.2.1.RELEASE\spring-aop-5.2.1.RELEASE.jar;D:\JIANGLEI\INSTALLSOFT\mvnrepositoryTwo\org\springframework\spring-expression\5.2.1.RELEASE\spring-expression-5.2.1.RELEASE.jar;D:\JIANGLEI\INSTALLSOFT\mvnrepositoryTwo\org\springframework\boot\spring-boot-starter-jdbc\2.2.1.RELEASE\spring-boot-starter-jdbc-2.2.1.RELEASE.jar;D:\JIANGLEI\INSTALLSOFT\mvnrepositoryTwo\com\zaxxer\HikariCP\3.4.1\HikariCP-3.4.1.jar;D:\JIANGLEI\INSTALLSOFT\mvnrepositoryTwo\org\springframework\spring-jdbc\5.2.1.RELEASE\spring-jdbc-5.2.1.RELEASE.jar;D:\JIANGLEI\INSTALLSOFT\mvnrepositoryTwo\org\springframework\spring-tx\5.2.1.RELEASE\spring-tx-5.2.1.RELEASE.jar;D:\JIANGLEI\INSTALLSOFT\mvnrepositoryTwo\org\apache\shardingsphere\elasticjob\elasticjob-lite-core\3.0.1\elasticjob-lite-core-3.0.1.jar;D:\JIANGLEI\INSTALLSOFT\mvnrepositoryTwo\org\apache\shardingsphere\elasticjob\elasticjob-api\3.0.1\elasticjob-api-3.0.1.jar;D:\JIANGLEI\INSTALLSOFT\mvnrepositoryTwo\com\google\guava\guava\29.0-jre\guava-29.0-jre.jar;D:\JIANGLEI\INSTALLSOFT\mvnrepositoryTwo\com\google\guava\failureaccess\1.0.1\failureaccess-1.0.1.jar;D:\JIANGLEI\INSTALLSOFT\mvnrepositoryTwo\com\google\guava\listenablefuture\9999.0-empty-to-avoid-conflict-with-guava\listenablefuture-9999.0-empty-to-avoid-conflict-with-guava.jar;D:\JIANGLEI\INSTALLSOFT\mvnrepositoryTwo\com\google\code\findbugs\jsr305\3.0.2\jsr305-3.0.2.jar;D:\JIANGLEI\INSTALLSOFT\mvnrepositoryTwo\org\checkerframework\checker-qual\2.11.1\checker-qual-2.11.1.jar;D:\JIANGLEI\INSTALLSOFT\mvnrepositoryTwo\com\google\errorprone\error_prone_annotations\2.3.4\error_prone_annotations-2.3.4.jar;D:\JIANGLEI\INSTALLSOFT\mvnrepositoryTwo\org\apache\shardingsphere\elasticjob\elasticjob-infra-common\3.0.1\elasticjob-infra-common-3.0.1.jar;D:\JIANGLEI\INSTALLSOFT\mvnrepositoryTwo\org\apache\shardingsphere\elasticjob\elasticjob-registry-center\3.0.1\elasticjob-registry-center-3.0.1.jar;D:\JIANGLEI\INSTALLSOFT\mvnrepositoryTwo\org\apache\curator\curator-framework\5.1.0\curator-framework-5.1.0.jar;D:\JIANGLEI\INSTALLSOFT\mvnrepositoryTwo\org\apache\curator\curator-client\5.1.0\curator-client-5.1.0.jar;D:\JIANGLEI\INSTALLSOFT\mvnrepositoryTwo\org\apache\zookeeper\zookeeper\3.6.0\zookeeper-3.6.0.jar;D:\JIANGLEI\INSTALLSOFT\mvnrepositoryTwo\commons-lang\commons-lang\2.6\commons-lang-2.6.jar;D:\JIANGLEI\INSTALLSOFT\mvnrepositoryTwo\org\apache\zookeeper\zookeeper-jute\3.6.0\zookeeper-jute-3.6.0.jar;D:\JIANGLEI\INSTALLSOFT\mvnrepositoryTwo\org\apache\yetus\audience-annotations\0.5.0\audience-annotations-0.5.0.jar;D:\JIANGLEI\INSTALLSOFT\mvnrepositoryTwo\io\netty\netty-handler\4.1.43.Final\netty-handler-4.1.43.Final.jar;D:\JIANGLEI\INSTALLSOFT\mvnrepositoryTwo\io\netty\netty-common\4.1.43.Final\netty-common-4.1.43.Final.jar;D:\JIANGLEI\INSTALLSOFT\mvnrepositoryTwo\io\netty\netty-buffer\4.1.43.Final\netty-buffer-4.1.43.Final.jar;D:\JIANGLEI\INSTALLSOFT\mvnrepositoryTwo\io\netty\netty-transport\4.1.43.Final\netty-transport-4.1.43.Final.jar;D:\JIANGLEI\INSTALLSOFT\mvnrepositoryTwo\io\netty\netty-resolver\4.1.43.Final\netty-resolver-4.1.43.Final.jar;D:\JIANGLEI\INSTALLSOFT\mvnrepositoryTwo\io\netty\netty-codec\4.1.43.Final\netty-codec-4.1.43.Final.jar;D:\JIANGLEI\INSTALLSOFT\mvnrepositoryTwo\io\netty\netty-transport-native-epoll\4.1.43.Final\netty-transport-native-epoll-4.1.43.Final.jar;D:\JIANGLEI\INSTALLSOFT\mvnrepositoryTwo\io\netty\netty-transport-native-unix-common\4.1.43.Final\netty-transport-native-unix-common-4.1.43.Final.jar;D:\JIANGLEI\INSTALLSOFT\mvnrepositoryTwo\log4j\log4j\1.2.17\log4j-1.2.17.jar;D:\JIANGLEI\INSTALLSOFT\mvnrepositoryTwo\org\apache\curator\curator-recipes\5.1.0\curator-recipes-5.1.0.jar;D:\JIANGLEI\INSTALLSOFT\mvnrepositoryTwo\org\apache\shardingsphere\elasticjob\elasticjob-simple-executor\3.0.1\elasticjob-simple-executor-3.0.1.jar;D:\JIANGLEI\INSTALLSOFT\mvnrepositoryTwo\org\apache\shardingsphere\elasticjob\elasticjob-executor-kernel\3.0.1\elasticjob-executor-kernel-3.0.1.jar;D:\JIANGLEI\INSTALLSOFT\mvnrepositoryTwo\org\apache\shardingsphere\elasticjob\elasticjob-error-handler-general\3.0.1\elasticjob-error-handler-general-3.0.1.jar;D:\JIANGLEI\INSTALLSOFT\mvnrepositoryTwo\org\apache\shardingsphere\elasticjob\elasticjob-error-handler-spi\3.0.1\elasticjob-error-handler-spi-3.0.1.jar;D:\JIANGLEI\INSTALLSOFT\mvnrepositoryTwo\org\apache\shardingsphere\elasticjob\elasticjob-dataflow-executor\3.0.1\elasticjob-dataflow-executor-3.0.1.jar;D:\JIANGLEI\INSTALLSOFT\mvnrepositoryTwo\org\apache\shardingsphere\elasticjob\elasticjob-script-executor\3.0.1\elasticjob-script-executor-3.0.1.jar;D:\JIANGLEI\INSTALLSOFT\mvnrepositoryTwo\org\apache\commons\commons-exec\1.3\commons-exec-1.3.jar;D:\JIANGLEI\INSTALLSOFT\mvnrepositoryTwo\org\apache\shardingsphere\elasticjob\elasticjob-http-executor\3.0.1\elasticjob-http-executor-3.0.1.jar;D:\JIANGLEI\INSTALLSOFT\mvnrepositoryTwo\org\apache\shardingsphere\elasticjob\elasticjob-tracing-rdb\3.0.1\elasticjob-tracing-rdb-3.0.1.jar;D:\JIANGLEI\INSTALLSOFT\mvnrepositoryTwo\org\apache\shardingsphere\elasticjob\elasticjob-tracing-api\3.0.1\elasticjob-tracing-api-3.0.1.jar;D:\JIANGLEI\INSTALLSOFT\mvnrepositoryTwo\org\apache\commons\commons-lang3\3.9\commons-lang3-3.9.jar;D:\JIANGLEI\INSTALLSOFT\mvnrepositoryTwo\org\yaml\snakeyaml\1.25\snakeyaml-1.25.jar;D:\JIANGLEI\INSTALLSOFT\mvnrepositoryTwo\com\google\code\gson\gson\2.8.6\gson-2.8.6.jar;D:\JIANGLEI\INSTALLSOFT\mvnrepositoryTwo\org\quartz-scheduler\quartz\2.3.2\quartz-2.3.2.jar;D:\JIANGLEI\INSTALLSOFT\mvnrepositoryTwo\com\mchange\mchange-commons-java\0.2.15\mchange-commons-java-0.2.15.jar;D:\JIANGLEI\INSTALLSOFT\mvnrepositoryTwo\org\apache\shardingsphere\elasticjob\elasticjob-lite-spring-boot-starter\3.0.1\elasticjob-lite-spring-boot-starter-3.0.1.jar;D:\JIANGLEI\INSTALLSOFT\mvnrepositoryTwo\org\apache\shardingsphere\elasticjob\elasticjob-lite-spring-core\3.0.1\elasticjob-lite-spring-core-3.0.1.jar;D:\Program Files\IntelliJ IDEA 2023.2.5\lib\idea_rt.jar;C:\Users\JIANGLEI\AppData\Roaming\JetBrains\IntelliJIdea2023.3\plugins\MybatisLog\lib\mybatis-agent-1.0.30-all.jar;C:\Users\JIANGLEI\AppData\Local\JetBrains\IntelliJIdea2023.3\captureAgent\debugger-agent.jar
[2024-07-17 16:59:34.008] INFO 29824 simplejob-finance [restartedMain] [org.apache.zookeeper.ZooKeeper]:Client environment:java.library.path=C:\Program Files\Java\jdk1.8.0_251\bin;C:\WINDOWS\Sun\Java\bin;C:\WINDOWS\system32;C:\WINDOWS;C:\Program Files (x86)\Aliyun\SASE\3.8.9\ProxyBin\;C:\Program Files (x86)\Aliyun\SASE\3.6.7\ProxyBin\;D:\Program Files\Python\Scripts\;D:\Program Files\Python\;C:\Program Files (x86)\Common Files\Oracle\Java\javapath;C:\WINDOWS\system32;C:\WINDOWS;C:\WINDOWS\System32\Wbem;C:\WINDOWS\System32\WindowsPowerShell\v1.0\;C:\WINDOWS\System32\OpenSSH\;C:\Program Files\Java\jdk1.8.0_251\bin;D:\JIANGLEI\INSTALLSOFT\apache-maven-3.6.3\bin;C:\Program Files\TortoiseGit\bin;C:\Program Files (x86)\nodejs\;C:\Program Files\Git\cmd;D:\Program Files\Anaconda\condabin;C:\Handle; ;E:\UAT\UAT测试包_分公司\UAT测试包_分公司\;E:\网点管家UAT\网点管家UAT\;C:\Users\JIANGLEI\Desktop\数据导出\网点管家UAT\网点管家UAT\;C:\Users\JIANGLEI\Desktop\文档记录\网点管家UAT\网点管家UAT\;C:\Users\JIANGLEI\Desktop\UAT环境\UAT测试包_分公司-1\UAT测试包_分公司-1\;C:\YTO_Station\;C:\Users\JIANGLEI\AppData\Local\Microsoft\WindowsApps;;C:\Users\JIANGLEI\AppData\Local\Programs\Microsoft VS Code\bin;C:\Users\JIANGLEI\AppData\Roaming\npm;C:\Users\JIANGLEI\AppData\Local\Microsoft\WindowsApps;D:\Program Files\PyCharm 2023.3.2\bin;;D:\Program Files\WebStorm 2023.2.5\bin;;D:\Program Files\IntelliJ IDEA 2023.2.5\bin;;D:\Program Files\DataGrip 2023.2.3\bin;;.
[2024-07-17 16:59:34.008] INFO 29824 simplejob-finance [restartedMain] [org.apache.zookeeper.ZooKeeper]:Client environment:java.io.tmpdir=C:\Users\JIANGLEI\AppData\Local\Temp\
[2024-07-17 16:59:34.008] INFO 29824 simplejob-finance [restartedMain] [org.apache.zookeeper.ZooKeeper]:Client environment:java.compiler=<NA>
[2024-07-17 16:59:34.008] INFO 29824 simplejob-finance [restartedMain] [org.apache.zookeeper.ZooKeeper]:Client environment:os.name=Windows 10
[2024-07-17 16:59:34.008] INFO 29824 simplejob-finance [restartedMain] [org.apache.zookeeper.ZooKeeper]:Client environment:os.arch=amd64
[2024-07-17 16:59:34.008] INFO 29824 simplejob-finance [restartedMain] [org.apache.zookeeper.ZooKeeper]:Client environment:os.version=10.0
[2024-07-17 16:59:34.008] INFO 29824 simplejob-finance [restartedMain] [org.apache.zookeeper.ZooKeeper]:Client environment:user.name=JIANGLEI
[2024-07-17 16:59:34.009] INFO 29824 simplejob-finance [restartedMain] [org.apache.zookeeper.ZooKeeper]:Client environment:user.home=C:\Users\JIANGLEI
[2024-07-17 16:59:34.009] INFO 29824 simplejob-finance [restartedMain] [org.apache.zookeeper.ZooKeeper]:Client environment:user.dir=D:\JIANGLEI\FinanceWORKSPACE\finance-master
[2024-07-17 16:59:34.009] INFO 29824 simplejob-finance [restartedMain] [org.apache.zookeeper.ZooKeeper]:Client environment:os.memory.free=284MB
[2024-07-17 16:59:34.009] INFO 29824 simplejob-finance [restartedMain] [org.apache.zookeeper.ZooKeeper]:Client environment:os.memory.max=3612MB
[2024-07-17 16:59:34.009] INFO 29824 simplejob-finance [restartedMain] [org.apache.zookeeper.ZooKeeper]:Client environment:os.memory.total=320MB
[2024-07-17 16:59:34.013] INFO 29824 simplejob-finance [restartedMain] [org.apache.zookeeper.ZooKeeper]:Initiating client connection, connectString=101.133.227.182:2181 sessionTimeout=60000 watcher=org.apache.curator.ConnectionState@19bbdcc9
[2024-07-17 16:59:34.015] INFO 29824 simplejob-finance [restartedMain] [org.apache.zookeeper.common.X509Util]:Setting -D jdk.tls.rejectClientInitiatedRenegotiation=true to disable client-initiated TLS renegotiation
[2024-07-17 16:59:34.026] INFO 29824 simplejob-finance [restartedMain] [org.apache.zookeeper.ClientCnxnSocket]:jute.maxbuffer value is 1048575 Bytes
[2024-07-17 16:59:34.029] INFO 29824 simplejob-finance [restartedMain] [org.apache.zookeeper.ClientCnxn]:zookeeper.request.timeout value is 0. feature enabled=false
[2024-07-17 16:59:34.037] INFO 29824 simplejob-finance [restartedMain] [org.apache.curator.framework.imps.CuratorFrameworkImpl]:Default schema
[2024-07-17 16:59:34.150] WARN 29824 simplejob-finance [RMI TCP Accept-0] [sun.rmi.transport.tcp]:RMI TCP Accept-0: accept loop for ServerSocket[addr=0.0.0.0/0.0.0.0,localport=65219] throws
java.io.IOException: The server sockets created using the LocalRMIServerSocketFactory only accept connections from clients running on the host where the RMI remote objects have been exported.
	at sun.management.jmxremote.LocalRMIServerSocketFactory$1.accept(LocalRMIServerSocketFactory.java:114)
	at sun.rmi.transport.tcp.TCPTransport$AcceptLoop.executeAcceptLoop(TCPTransport.java:405)
	at sun.rmi.transport.tcp.TCPTransport$AcceptLoop.run(TCPTransport.java:377)
	at java.lang.Thread.run(Thread.java:748)
[2024-07-17 16:59:34.497] WARN 29824 simplejob-finance [RMI TCP Accept-0] [sun.rmi.transport.tcp]:RMI TCP Accept-0: accept loop for ServerSocket[addr=0.0.0.0/0.0.0.0,localport=65219] throws
java.io.IOException: The server sockets created using the LocalRMIServerSocketFactory only accept connections from clients running on the host where the RMI remote objects have been exported.
	at sun.management.jmxremote.LocalRMIServerSocketFactory$1.accept(LocalRMIServerSocketFactory.java:114)
	at sun.rmi.transport.tcp.TCPTransport$AcceptLoop.executeAcceptLoop(TCPTransport.java:405)
	at sun.rmi.transport.tcp.TCPTransport$AcceptLoop.run(TCPTransport.java:377)
	at java.lang.Thread.run(Thread.java:748)
[2024-07-17 16:59:34.751] WARN 29824 simplejob-finance [RMI TCP Accept-0] [sun.rmi.transport.tcp]:RMI TCP Accept-0: accept loop for ServerSocket[addr=0.0.0.0/0.0.0.0,localport=65219] throws
java.io.IOException: The server sockets created using the LocalRMIServerSocketFactory only accept connections from clients running on the host where the RMI remote objects have been exported.
	at sun.management.jmxremote.LocalRMIServerSocketFactory$1.accept(LocalRMIServerSocketFactory.java:114)
	at sun.rmi.transport.tcp.TCPTransport$AcceptLoop.executeAcceptLoop(TCPTransport.java:405)
	at sun.rmi.transport.tcp.TCPTransport$AcceptLoop.run(TCPTransport.java:377)
	at java.lang.Thread.run(Thread.java:748)
[2024-07-17 16:59:34.891] INFO 29824 simplejob-finance [restartedMain-SendThread(101.133.227.182:2181)] [org.apache.zookeeper.ClientCnxn]:Opening socket connection to server 101.133.227.182/101.133.227.182:2181.
[2024-07-17 16:59:34.891] INFO 29824 simplejob-finance [restartedMain-SendThread(101.133.227.182:2181)] [org.apache.zookeeper.ClientCnxn]:SASL config status: Will not attempt to authenticate using SASL (unknown error)
[2024-07-17 16:59:34.893] INFO 29824 simplejob-finance [restartedMain-SendThread(101.133.227.182:2181)] [org.apache.zookeeper.ClientCnxn]:Socket connection established, initiating session, client: /0:0:0:0:0:0:0:1:65241, server: 101.133.227.182/101.133.227.182:2181
[2024-07-17 16:59:39.898] WARN 29824 simplejob-finance [restartedMain-SendThread(101.133.227.182:2181)] [org.apache.zookeeper.ClientCnxn]:Session 0x0 for sever 101.133.227.182/101.133.227.182:2181, Closing socket connection. Attempting reconnect except it is a SessionExpiredException.
org.apache.zookeeper.ClientCnxn$EndOfStreamException: Unable to read additional data from server sessionid 0x0, likely server has closed socket
	at org.apache.zookeeper.ClientCnxnSocketNIO.doIO(ClientCnxnSocketNIO.java:75)
	at org.apache.zookeeper.ClientCnxnSocketNIO.doTransport(ClientCnxnSocketNIO.java:348)
	at org.apache.zookeeper.ClientCnxn$SendThread.run(ClientCnxn.java:1262)
[2024-07-17 16:59:42.849] INFO 29824 simplejob-finance [restartedMain-SendThread(101.133.227.182:2181)] [org.apache.zookeeper.ClientCnxn]:Opening socket connection to server 101.133.227.182/101.133.227.182:2181.
[2024-07-17 16:59:42.849] INFO 29824 simplejob-finance [restartedMain-SendThread(101.133.227.182:2181)] [org.apache.zookeeper.ClientCnxn]:SASL config status: Will not attempt to authenticate using SASL (unknown error)
[2024-07-17 16:59:42.852] INFO 29824 simplejob-finance [restartedMain-SendThread(101.133.227.182:2181)] [org.apache.zookeeper.ClientCnxn]:Socket connection established, initiating session, client: /0:0:0:0:0:0:0:1:65288, server: 101.133.227.182/101.133.227.182:2181
[2024-07-17 16:59:44.952] WARN 29824 simplejob-finance [RMI TCP Accept-0] [sun.rmi.transport.tcp]:RMI TCP Accept-0: accept loop for ServerSocket[addr=0.0.0.0/0.0.0.0,localport=65219] throws
java.io.IOException: The server sockets created using the LocalRMIServerSocketFactory only accept connections from clients running on the host where the RMI remote objects have been exported.
	at sun.management.jmxremote.LocalRMIServerSocketFactory$1.accept(LocalRMIServerSocketFactory.java:114)
	at sun.rmi.transport.tcp.TCPTransport$AcceptLoop.executeAcceptLoop(TCPTransport.java:405)
	at sun.rmi.transport.tcp.TCPTransport$AcceptLoop.run(TCPTransport.java:377)
	at java.lang.Thread.run(Thread.java:748)
[2024-07-17 16:59:45.042] WARN 29824 simplejob-finance [RMI TCP Accept-0] [sun.rmi.transport.tcp]:RMI TCP Accept-0: accept loop for ServerSocket[addr=0.0.0.0/0.0.0.0,localport=65219] throws
java.io.IOException: The server sockets created using the LocalRMIServerSocketFactory only accept connections from clients running on the host where the RMI remote objects have been exported.
	at sun.management.jmxremote.LocalRMIServerSocketFactory$1.accept(LocalRMIServerSocketFactory.java:114)
	at sun.rmi.transport.tcp.TCPTransport$AcceptLoop.executeAcceptLoop(TCPTransport.java:405)
	at sun.rmi.transport.tcp.TCPTransport$AcceptLoop.run(TCPTransport.java:377)
	at java.lang.Thread.run(Thread.java:748)
[2024-07-17 16:59:45.578] WARN 29824 simplejob-finance [RMI TCP Accept-0] [sun.rmi.transport.tcp]:RMI TCP Accept-0: accept loop for ServerSocket[addr=0.0.0.0/0.0.0.0,localport=65219] throws
java.io.IOException: The server sockets created using the LocalRMIServerSocketFactory only accept connections from clients running on the host where the RMI remote objects have been exported.
	at sun.management.jmxremote.LocalRMIServerSocketFactory$1.accept(LocalRMIServerSocketFactory.java:114)
	at sun.rmi.transport.tcp.TCPTransport$AcceptLoop.executeAcceptLoop(TCPTransport.java:405)
	at sun.rmi.transport.tcp.TCPTransport$AcceptLoop.run(TCPTransport.java:377)
	at java.lang.Thread.run(Thread.java:748)
[2024-07-17 16:59:46.215] WARN 29824 simplejob-finance [RMI TCP Accept-0] [sun.rmi.transport.tcp]:RMI TCP Accept-0: accept loop for ServerSocket[addr=0.0.0.0/0.0.0.0,localport=65219] throws
java.io.IOException: The server sockets created using the LocalRMIServerSocketFactory only accept connections from clients running on the host where the RMI remote objects have been exported.
	at sun.management.jmxremote.LocalRMIServerSocketFactory$1.accept(LocalRMIServerSocketFactory.java:114)
	at sun.rmi.transport.tcp.TCPTransport$AcceptLoop.executeAcceptLoop(TCPTransport.java:405)
	at sun.rmi.transport.tcp.TCPTransport$AcceptLoop.run(TCPTransport.java:377)
	at java.lang.Thread.run(Thread.java:748)
[2024-07-17 16:59:46.823] WARN 29824 simplejob-finance [RMI TCP Accept-0] [sun.rmi.transport.tcp]:RMI TCP Accept-0: accept loop for ServerSocket[addr=0.0.0.0/0.0.0.0,localport=65219] throws
java.io.IOException: The server sockets created using the LocalRMIServerSocketFactory only accept connections from clients running on the host where the RMI remote objects have been exported.
	at sun.management.jmxremote.LocalRMIServerSocketFactory$1.accept(LocalRMIServerSocketFactory.java:114)
	at sun.rmi.transport.tcp.TCPTransport$AcceptLoop.executeAcceptLoop(TCPTransport.java:405)
	at sun.rmi.transport.tcp.TCPTransport$AcceptLoop.run(TCPTransport.java:377)
	at java.lang.Thread.run(Thread.java:748)
[2024-07-17 16:59:47.485] WARN 29824 simplejob-finance [RMI TCP Accept-0] [sun.rmi.transport.tcp]:RMI TCP Accept-0: accept loop for ServerSocket[addr=0.0.0.0/0.0.0.0,localport=65219] throws
java.io.IOException: The server sockets created using the LocalRMIServerSocketFactory only accept connections from clients running on the host where the RMI remote objects have been exported.
	at sun.management.jmxremote.LocalRMIServerSocketFactory$1.accept(LocalRMIServerSocketFactory.java:114)
	at sun.rmi.transport.tcp.TCPTransport$AcceptLoop.executeAcceptLoop(TCPTransport.java:405)
	at sun.rmi.transport.tcp.TCPTransport$AcceptLoop.run(TCPTransport.java:377)
	at java.lang.Thread.run(Thread.java:748)
[2024-07-17 16:59:47.858] WARN 29824 simplejob-finance [restartedMain-SendThread(101.133.227.182:2181)] [org.apache.zookeeper.ClientCnxn]:Session 0x0 for sever 101.133.227.182/101.133.227.182:2181, Closing socket connection. Attempting reconnect except it is a SessionExpiredException.
org.apache.zookeeper.ClientCnxn$EndOfStreamException: Unable to read additional data from server sessionid 0x0, likely server has closed socket
	at org.apache.zookeeper.ClientCnxnSocketNIO.doIO(ClientCnxnSocketNIO.java:75)
	at org.apache.zookeeper.ClientCnxnSocketNIO.doTransport(ClientCnxnSocketNIO.java:348)
	at org.apache.zookeeper.ClientCnxn$SendThread.run(ClientCnxn.java:1262)
[2024-07-17 16:59:48.136] WARN 29824 simplejob-finance [RMI TCP Accept-0] [sun.rmi.transport.tcp]:RMI TCP Accept-0: accept loop for ServerSocket[addr=0.0.0.0/0.0.0.0,localport=65219] throws
java.io.IOException: The server sockets created using the LocalRMIServerSocketFactory only accept connections from clients running on the host where the RMI remote objects have been exported.
	at sun.management.jmxremote.LocalRMIServerSocketFactory$1.accept(LocalRMIServerSocketFactory.java:114)
	at sun.rmi.transport.tcp.TCPTransport$AcceptLoop.executeAcceptLoop(TCPTransport.java:405)
	at sun.rmi.transport.tcp.TCPTransport$AcceptLoop.run(TCPTransport.java:377)
	at java.lang.Thread.run(Thread.java:748)
[2024-07-17 16:59:48.782] WARN 29824 simplejob-finance [RMI TCP Accept-0] [sun.rmi.transport.tcp]:RMI TCP Accept-0: accept loop for ServerSocket[addr=0.0.0.0/0.0.0.0,localport=65219] throws
java.io.IOException: The server sockets created using the LocalRMIServerSocketFactory only accept connections from clients running on the host where the RMI remote objects have been exported.
	at sun.management.jmxremote.LocalRMIServerSocketFactory$1.accept(LocalRMIServerSocketFactory.java:114)
	at sun.rmi.transport.tcp.TCPTransport$AcceptLoop.executeAcceptLoop(TCPTransport.java:405)
	at sun.rmi.transport.tcp.TCPTransport$AcceptLoop.run(TCPTransport.java:377)
	at java.lang.Thread.run(Thread.java:748)
[2024-07-17 16:59:49.440] WARN 29824 simplejob-finance [RMI TCP Accept-0] [sun.rmi.transport.tcp]:RMI TCP Accept-0: accept loop for ServerSocket[addr=0.0.0.0/0.0.0.0,localport=65219] throws
java.io.IOException: The server sockets created using the LocalRMIServerSocketFactory only accept connections from clients running on the host where the RMI remote objects have been exported.
	at sun.management.jmxremote.LocalRMIServerSocketFactory$1.accept(LocalRMIServerSocketFactory.java:114)
	at sun.rmi.transport.tcp.TCPTransport$AcceptLoop.executeAcceptLoop(TCPTransport.java:405)
	at sun.rmi.transport.tcp.TCPTransport$AcceptLoop.run(TCPTransport.java:377)
	at java.lang.Thread.run(Thread.java:748)
[2024-07-17 16:59:50.036] WARN 29824 simplejob-finance [RMI TCP Accept-0] [sun.rmi.transport.tcp]:RMI TCP Accept-0: accept loop for ServerSocket[addr=0.0.0.0/0.0.0.0,localport=65219] throws
java.io.IOException: The server sockets created using the LocalRMIServerSocketFactory only accept connections from clients running on the host where the RMI remote objects have been exported.
	at sun.management.jmxremote.LocalRMIServerSocketFactory$1.accept(LocalRMIServerSocketFactory.java:114)
	at sun.rmi.transport.tcp.TCPTransport$AcceptLoop.executeAcceptLoop(TCPTransport.java:405)
	at sun.rmi.transport.tcp.TCPTransport$AcceptLoop.run(TCPTransport.java:377)
	at java.lang.Thread.run(Thread.java:748)
[2024-07-17 16:59:50.667] WARN 29824 simplejob-finance [RMI TCP Accept-0] [sun.rmi.transport.tcp]:RMI TCP Accept-0: accept loop for ServerSocket[addr=0.0.0.0/0.0.0.0,localport=65219] throws
java.io.IOException: The server sockets created using the LocalRMIServerSocketFactory only accept connections from clients running on the host where the RMI remote objects have been exported.
	at sun.management.jmxremote.LocalRMIServerSocketFactory$1.accept(LocalRMIServerSocketFactory.java:114)
	at sun.rmi.transport.tcp.TCPTransport$AcceptLoop.executeAcceptLoop(TCPTransport.java:405)
	at sun.rmi.transport.tcp.TCPTransport$AcceptLoop.run(TCPTransport.java:377)
	at java.lang.Thread.run(Thread.java:748)
[2024-07-17 16:59:50.762] INFO 29824 simplejob-finance [restartedMain-SendThread(101.133.227.182:2181)] [org.apache.zookeeper.ClientCnxn]:Opening socket connection to server 101.133.227.182/101.133.227.182:2181.
[2024-07-17 16:59:50.762] INFO 29824 simplejob-finance [restartedMain-SendThread(101.133.227.182:2181)] [org.apache.zookeeper.ClientCnxn]:SASL config status: Will not attempt to authenticate using SASL (unknown error)
[2024-07-17 16:59:50.764] INFO 29824 simplejob-finance [restartedMain-SendThread(101.133.227.182:2181)] [org.apache.zookeeper.ClientCnxn]:Socket connection established, initiating session, client: /0:0:0:0:0:0:0:1:65315, server: 101.133.227.182/101.133.227.182:2181
[2024-07-17 16:59:51.370] WARN 29824 simplejob-finance [RMI TCP Accept-0] [sun.rmi.transport.tcp]:RMI TCP Accept-0: accept loop for ServerSocket[addr=0.0.0.0/0.0.0.0,localport=65219] throws
java.io.IOException: The server sockets created using the LocalRMIServerSocketFactory only accept connections from clients running on the host where the RMI remote objects have been exported.
	at sun.management.jmxremote.LocalRMIServerSocketFactory$1.accept(LocalRMIServerSocketFactory.java:114)
	at sun.rmi.transport.tcp.TCPTransport$AcceptLoop.executeAcceptLoop(TCPTransport.java:405)
	at sun.rmi.transport.tcp.TCPTransport$AcceptLoop.run(TCPTransport.java:377)
	at java.lang.Thread.run(Thread.java:748)
[2024-07-17 16:59:52.043] WARN 29824 simplejob-finance [RMI TCP Accept-0] [sun.rmi.transport.tcp]:RMI TCP Accept-0: accept loop for ServerSocket[addr=0.0.0.0/0.0.0.0,localport=65219] throws
java.io.IOException: The server sockets created using the LocalRMIServerSocketFactory only accept connections from clients running on the host where the RMI remote objects have been exported.
	at sun.management.jmxremote.LocalRMIServerSocketFactory$1.accept(LocalRMIServerSocketFactory.java:114)
	at sun.rmi.transport.tcp.TCPTransport$AcceptLoop.executeAcceptLoop(TCPTransport.java:405)
	at sun.rmi.transport.tcp.TCPTransport$AcceptLoop.run(TCPTransport.java:377)
	at java.lang.Thread.run(Thread.java:748)
[2024-07-17 16:59:52.655] WARN 29824 simplejob-finance [RMI TCP Accept-0] [sun.rmi.transport.tcp]:RMI TCP Accept-0: accept loop for ServerSocket[addr=0.0.0.0/0.0.0.0,localport=65219] throws
java.io.IOException: The server sockets created using the LocalRMIServerSocketFactory only accept connections from clients running on the host where the RMI remote objects have been exported.
	at sun.management.jmxremote.LocalRMIServerSocketFactory$1.accept(LocalRMIServerSocketFactory.java:114)
	at sun.rmi.transport.tcp.TCPTransport$AcceptLoop.executeAcceptLoop(TCPTransport.java:405)
	at sun.rmi.transport.tcp.TCPTransport$AcceptLoop.run(TCPTransport.java:377)
	at java.lang.Thread.run(Thread.java:748)
[2024-07-17 16:59:53.158] WARN 29824 simplejob-finance [RMI TCP Accept-0] [sun.rmi.transport.tcp]:RMI TCP Accept-0: accept loop for ServerSocket[addr=0.0.0.0/0.0.0.0,localport=65219] throws
java.io.IOException: The server sockets created using the LocalRMIServerSocketFactory only accept connections from clients running on the host where the RMI remote objects have been exported.
	at sun.management.jmxremote.LocalRMIServerSocketFactory$1.accept(LocalRMIServerSocketFactory.java:114)
	at sun.rmi.transport.tcp.TCPTransport$AcceptLoop.executeAcceptLoop(TCPTransport.java:405)
	at sun.rmi.transport.tcp.TCPTransport$AcceptLoop.run(TCPTransport.java:377)
	at java.lang.Thread.run(Thread.java:748)
[2024-07-17 16:59:53.205] INFO 29824 simplejob-finance [Curator-Framework-0] [org.apache.curator.framework.state.ConnectionStateManager]:State change: SUSPENDED
[2024-07-17 16:59:53.205] ERROR 29824 simplejob-finance [Curator-Framework-0] [org.apache.curator.framework.imps.CuratorFrameworkImpl]:Background operation retry gave up
org.apache.zookeeper.KeeperException$ConnectionLossException: KeeperErrorCode = ConnectionLoss
	at org.apache.zookeeper.KeeperException.create(KeeperException.java:102)
	at org.apache.curator.framework.imps.CuratorFrameworkImpl.checkBackgroundRetry(CuratorFrameworkImpl.java:851)
	at org.apache.curator.framework.imps.CuratorFrameworkImpl.performBackgroundOperation(CuratorFrameworkImpl.java:999)
	at org.apache.curator.framework.imps.CuratorFrameworkImpl.backgroundOperationsLoop(CuratorFrameworkImpl.java:952)
	at org.apache.curator.framework.imps.CuratorFrameworkImpl.access$300(CuratorFrameworkImpl.java:66)
	at org.apache.curator.framework.imps.CuratorFrameworkImpl$4.call(CuratorFrameworkImpl.java:342)
	at java.util.concurrent.FutureTask.run$$$capture(FutureTask.java:266)
	at java.util.concurrent.FutureTask.run(FutureTask.java)
	at java.util.concurrent.ScheduledThreadPoolExecutor$ScheduledFutureTask.access$201(ScheduledThreadPoolExecutor.java:180)
	at java.util.concurrent.ScheduledThreadPoolExecutor$ScheduledFutureTask.run(ScheduledThreadPoolExecutor.java:293)
	at java.util.concurrent.ThreadPoolExecutor.runWorker(ThreadPoolExecutor.java:1149)
	at java.util.concurrent.ThreadPoolExecutor$Worker.run(ThreadPoolExecutor.java:624)
	at java.lang.Thread.run(Thread.java:748)
[2024-07-17 16:59:53.206] ERROR 29824 simplejob-finance [Curator-Framework-0] [org.apache.curator.framework.imps.CuratorFrameworkImpl]:Background retry gave up
org.apache.curator.CuratorConnectionLossException: KeeperErrorCode = ConnectionLoss
	at org.apache.curator.framework.imps.CuratorFrameworkImpl.performBackgroundOperation(CuratorFrameworkImpl.java:981)
	at org.apache.curator.framework.imps.CuratorFrameworkImpl.backgroundOperationsLoop(CuratorFrameworkImpl.java:952)
	at org.apache.curator.framework.imps.CuratorFrameworkImpl.access$300(CuratorFrameworkImpl.java:66)
	at org.apache.curator.framework.imps.CuratorFrameworkImpl$4.call(CuratorFrameworkImpl.java:342)
	at java.util.concurrent.FutureTask.run$$$capture(FutureTask.java:266)
	at java.util.concurrent.FutureTask.run(FutureTask.java)
	at java.util.concurrent.ScheduledThreadPoolExecutor$ScheduledFutureTask.access$201(ScheduledThreadPoolExecutor.java:180)
	at java.util.concurrent.ScheduledThreadPoolExecutor$ScheduledFutureTask.run(ScheduledThreadPoolExecutor.java:293)
	at java.util.concurrent.ThreadPoolExecutor.runWorker(ThreadPoolExecutor.java:1149)
	at java.util.concurrent.ThreadPoolExecutor$Worker.run(ThreadPoolExecutor.java:624)
	at java.lang.Thread.run(Thread.java:748)
[2024-07-17 16:59:55.769] WARN 29824 simplejob-finance [restartedMain-SendThread(101.133.227.182:2181)] [org.apache.zookeeper.ClientCnxn]:Session 0x0 for sever 101.133.227.182/101.133.227.182:2181, Closing socket connection. Attempting reconnect except it is a SessionExpiredException.
org.apache.zookeeper.ClientCnxn$EndOfStreamException: Unable to read additional data from server sessionid 0x0, likely server has closed socket
	at org.apache.zookeeper.ClientCnxnSocketNIO.doIO(ClientCnxnSocketNIO.java:75)
	at org.apache.zookeeper.ClientCnxnSocketNIO.doTransport(ClientCnxnSocketNIO.java:348)
	at org.apache.zookeeper.ClientCnxn$SendThread.run(ClientCnxn.java:1262)
[2024-07-17 16:59:58.041] INFO 29824 simplejob-finance [Curator-Framework-0] [org.apache.curator.framework.imps.CuratorFrameworkImpl]:backgroundOperationsLoop exiting
[2024-07-17 16:59:58.147] INFO 29824 simplejob-finance [restartedMain-SendThread(101.133.227.182:2181)] [org.apache.zookeeper.ClientCnxn]:Opening socket connection to server 101.133.227.182/101.133.227.182:2181.
[2024-07-17 16:59:58.147] INFO 29824 simplejob-finance [restartedMain-SendThread(101.133.227.182:2181)] [org.apache.zookeeper.ClientCnxn]:SASL config status: Will not attempt to authenticate using SASL (unknown error)
[2024-07-17 16:59:58.150] INFO 29824 simplejob-finance [restartedMain-SendThread(101.133.227.182:2181)] [org.apache.zookeeper.ClientCnxn]:Socket connection established, initiating session, client: /0:0:0:0:0:0:0:1:65341, server: 101.133.227.182/101.133.227.182:2181
[2024-07-17 17:00:03.156] WARN 29824 simplejob-finance [restartedMain-SendThread(101.133.227.182:2181)] [org.apache.zookeeper.ClientCnxn]:An exception was thrown while closing send thread for session 0x0.
org.apache.zookeeper.ClientCnxn$EndOfStreamException: Unable to read additional data from server sessionid 0x0, likely server has closed socket
	at org.apache.zookeeper.ClientCnxnSocketNIO.doIO(ClientCnxnSocketNIO.java:75)
	at org.apache.zookeeper.ClientCnxnSocketNIO.doTransport(ClientCnxnSocketNIO.java:348)
	at org.apache.zookeeper.ClientCnxn$SendThread.run(ClientCnxn.java:1262)
[2024-07-17 17:00:03.275] INFO 29824 simplejob-finance [restartedMain] [org.apache.zookeeper.ZooKeeper]:Session: 0x0 closed
[2024-07-17 17:00:03.276] INFO 29824 simplejob-finance [restartedMain-EventThread] [org.apache.zookeeper.ClientCnxn]:EventThread shut down for session: 0x0
[2024-07-17 17:00:03.284] WARN 29824 simplejob-finance [restartedMain] [org.springframework.boot.web.servlet.context.AnnotationConfigServletWebServerApplicationContext]:Exception encountered during context initialization - cancelling refresh attempt: org.springframework.beans.factory.BeanCreationException: Error creating bean with name 'zookeeperRegistryCenter' defined in class path resource [org/apache/shardingsphere/elasticjob/lite/spring/boot/reg/ElasticJobRegistryCenterConfiguration.class]: Invocation of init method failed; nested exception is org.apache.shardingsphere.elasticjob.reg.exception.RegException: org.apache.zookeeper.KeeperException$OperationTimeoutException: KeeperErrorCode = OperationTimeout
[2024-07-17 17:00:03.285] INFO 29824 simplejob-finance [restartedMain] [org.springframework.scheduling.concurrent.ThreadPoolTaskExecutor]:Shutting down ExecutorService 'applicationTaskExecutor'
[2024-07-17 17:00:03.292] INFO 29824 simplejob-finance [restartedMain] [org.apache.catalina.core.StandardService]:Stopping service [Tomcat]
[2024-07-17 17:00:03.318] INFO 29824 simplejob-finance [restartedMain] [org.springframework.boot.autoconfigure.logging.ConditionEvaluationReportLoggingListener]:

Error starting ApplicationContext. To display the conditions report re-run your application with 'debug' enabled.
[2024-07-17 17:00:03.331] ERROR 29824 simplejob-finance [restartedMain] [org.springframework.boot.SpringApplication]:Application run failed
org.springframework.beans.factory.BeanCreationException: Error creating bean with name 'zookeeperRegistryCenter' defined in class path resource [org/apache/shardingsphere/elasticjob/lite/spring/boot/reg/ElasticJobRegistryCenterConfiguration.class]: Invocation of init method failed; nested exception is org.apache.shardingsphere.elasticjob.reg.exception.RegException: org.apache.zookeeper.KeeperException$OperationTimeoutException: KeeperErrorCode = OperationTimeout
	at org.springframework.beans.factory.support.AbstractAutowireCapableBeanFactory.initializeBean(AbstractAutowireCapableBeanFactory.java:1803)
	at org.springframework.beans.factory.support.AbstractAutowireCapableBeanFactory.doCreateBean(AbstractAutowireCapableBeanFactory.java:595)
	at org.springframework.beans.factory.support.AbstractAutowireCapableBeanFactory.createBean(AbstractAutowireCapableBeanFactory.java:517)
	at org.springframework.beans.factory.support.AbstractBeanFactory.lambda$doGetBean$0(AbstractBeanFactory.java:323)
	at org.springframework.beans.factory.support.DefaultSingletonBeanRegistry.getSingleton(DefaultSingletonBeanRegistry.java:222)
	at org.springframework.beans.factory.support.AbstractBeanFactory.doGetBean(AbstractBeanFactory.java:321)
	at org.springframework.beans.factory.support.AbstractBeanFactory.getBean(AbstractBeanFactory.java:202)
	at org.springframework.beans.factory.support.DefaultListableBeanFactory.preInstantiateSingletons(DefaultListableBeanFactory.java:879)
	at org.springframework.context.support.AbstractApplicationContext.finishBeanFactoryInitialization(AbstractApplicationContext.java:878)
	at org.springframework.context.support.AbstractApplicationContext.refresh(AbstractApplicationContext.java:550)
	at org.springframework.boot.web.servlet.context.ServletWebServerApplicationContext.refresh(ServletWebServerApplicationContext.java:141)
	at org.springframework.boot.SpringApplication.refresh(SpringApplication.java:747)
	at org.springframework.boot.SpringApplication.refreshContext(SpringApplication.java:397)
	at org.springframework.boot.SpringApplication.run(SpringApplication.java:315)
	at org.springframework.boot.SpringApplication.run(SpringApplication.java:1226)
	at org.springframework.boot.SpringApplication.run(SpringApplication.java:1215)
	at com.simple.job.finance.FinanceJobApplication.main(FinanceJobApplication.java:14)
	at sun.reflect.NativeMethodAccessorImpl.invoke0(Native Method)
	at sun.reflect.NativeMethodAccessorImpl.invoke(NativeMethodAccessorImpl.java:62)
	at sun.reflect.DelegatingMethodAccessorImpl.invoke(DelegatingMethodAccessorImpl.java:43)
	at java.lang.reflect.Method.invoke(Method.java:498)
	at org.springframework.boot.devtools.restart.RestartLauncher.run(RestartLauncher.java:49)
Caused by: org.apache.shardingsphere.elasticjob.reg.exception.RegException: org.apache.zookeeper.KeeperException$OperationTimeoutException: KeeperErrorCode = OperationTimeout
	at org.apache.shardingsphere.elasticjob.reg.exception.RegExceptionHandler.handleException(RegExceptionHandler.java:48)
	at org.apache.shardingsphere.elasticjob.reg.zookeeper.ZookeeperRegistryCenter.init(ZookeeperRegistryCenter.java:107)
	at sun.reflect.NativeMethodAccessorImpl.invoke0(Native Method)
	at sun.reflect.NativeMethodAccessorImpl.invoke(NativeMethodAccessorImpl.java:62)
	at sun.reflect.DelegatingMethodAccessorImpl.invoke(DelegatingMethodAccessorImpl.java:43)
	at java.lang.reflect.Method.invoke(Method.java:498)
	at org.springframework.beans.factory.support.AbstractAutowireCapableBeanFactory.invokeCustomInitMethod(AbstractAutowireCapableBeanFactory.java:1929)
	at org.springframework.beans.factory.support.AbstractAutowireCapableBeanFactory.invokeInitMethods(AbstractAutowireCapableBeanFactory.java:1871)
	at org.springframework.beans.factory.support.AbstractAutowireCapableBeanFactory.initializeBean(AbstractAutowireCapableBeanFactory.java:1799)
	... 21 common frames omitted
Caused by: org.apache.zookeeper.KeeperException$OperationTimeoutException: KeeperErrorCode = OperationTimeout
	at org.apache.shardingsphere.elasticjob.reg.zookeeper.ZookeeperRegistryCenter.init(ZookeeperRegistryCenter.java:102)
	... 28 common frames omitted
[2024-07-17 17:00:25.683] INFO 5800 simplejob-finance [restartedMain] [com.simple.job.finance.FinanceJobApplication]:Starting FinanceJobApplication on DESKTOP-SOPT3QG with PID 5800 (D:\JIANGLEI\FinanceWORKSPACE\finance-master\simplejob-finance\target\classes started by JIANGLEI in D:\JIANGLEI\FinanceWORKSPACE\finance-master)
[2024-07-17 17:00:25.685] INFO 5800 simplejob-finance [restartedMain] [com.simple.job.finance.FinanceJobApplication]:No active profile set, falling back to default profiles: default
[2024-07-17 17:00:25.732] INFO 5800 simplejob-finance [restartedMain] [org.springframework.boot.devtools.env.DevToolsPropertyDefaultsPostProcessor]:Devtools property defaults active! Set 'spring.devtools.add-properties' to 'false' to disable
[2024-07-17 17:00:25.732] INFO 5800 simplejob-finance [restartedMain] [org.springframework.boot.devtools.env.DevToolsPropertyDefaultsPostProcessor]:For additional web related logging consider setting the 'logging.level.web' property to 'DEBUG'
[2024-07-17 17:00:26.793] INFO 5800 simplejob-finance [restartedMain] [org.springframework.context.support.PostProcessorRegistrationDelegate$BeanPostProcessorChecker]:Bean 'org.springframework.transaction.annotation.ProxyTransactionManagementConfiguration' of type [org.springframework.transaction.annotation.ProxyTransactionManagementConfiguration] is not eligible for getting processed by all BeanPostProcessors (for example: not eligible for auto-proxying)
[2024-07-17 17:00:27.159] INFO 5800 simplejob-finance [restartedMain] [org.springframework.boot.web.embedded.tomcat.TomcatWebServer]:Tomcat initialized with port(s): 9092 (http)
[2024-07-17 17:00:27.168] INFO 5800 simplejob-finance [restartedMain] [org.apache.coyote.http11.Http11NioProtocol]:Initializing ProtocolHandler ["http-nio-9092"]
[2024-07-17 17:00:27.169] INFO 5800 simplejob-finance [restartedMain] [org.apache.catalina.core.StandardService]:Starting service [Tomcat]
[2024-07-17 17:00:27.169] INFO 5800 simplejob-finance [restartedMain] [org.apache.catalina.core.StandardEngine]:Starting Servlet engine: [Apache Tomcat/9.0.27]
[2024-07-17 17:00:27.364] INFO 5800 simplejob-finance [restartedMain] [org.apache.catalina.core.ContainerBase.[Tomcat].[localhost].[/]]:Initializing Spring embedded WebApplicationContext
[2024-07-17 17:00:27.364] INFO 5800 simplejob-finance [restartedMain] [org.springframework.web.context.ContextLoader]:Root WebApplicationContext: initialization completed in 1631 ms
[2024-07-17 17:00:28.270] INFO 5800 simplejob-finance [restartedMain] [org.springframework.scheduling.concurrent.ThreadPoolTaskExecutor]:Initializing ExecutorService 'applicationTaskExecutor'
[2024-07-17 17:00:28.468] INFO 5800 simplejob-finance [restartedMain] [org.apache.curator.framework.imps.CuratorFrameworkImpl]:Starting
[2024-07-17 17:00:28.474] INFO 5800 simplejob-finance [restartedMain] [org.apache.zookeeper.ZooKeeper]:Client environment:zookeeper.version=3.6.0--b4c89dc7f6083829e18fae6e446907ae0b1f22d7, built on 02/25/2020 14:38 GMT
[2024-07-17 17:00:28.475] INFO 5800 simplejob-finance [restartedMain] [org.apache.zookeeper.ZooKeeper]:Client environment:host.name=DESKTOP-SOPT3QG
[2024-07-17 17:00:28.475] INFO 5800 simplejob-finance [restartedMain] [org.apache.zookeeper.ZooKeeper]:Client environment:java.version=1.8.0_251
[2024-07-17 17:00:28.475] INFO 5800 simplejob-finance [restartedMain] [org.apache.zookeeper.ZooKeeper]:Client environment:java.vendor=Oracle Corporation
[2024-07-17 17:00:28.475] INFO 5800 simplejob-finance [restartedMain] [org.apache.zookeeper.ZooKeeper]:Client environment:java.home=C:\Program Files\Java\jdk1.8.0_251\jre
[2024-07-17 17:00:28.475] INFO 5800 simplejob-finance [restartedMain] [org.apache.zookeeper.ZooKeeper]:Client environment:java.class.path=C:\Program Files\Java\jdk1.8.0_251\jre\lib\charsets.jar;C:\Program Files\Java\jdk1.8.0_251\jre\lib\deploy.jar;C:\Program Files\Java\jdk1.8.0_251\jre\lib\ext\access-bridge-64.jar;C:\Program Files\Java\jdk1.8.0_251\jre\lib\ext\cldrdata.jar;C:\Program Files\Java\jdk1.8.0_251\jre\lib\ext\dnsns.jar;C:\Program Files\Java\jdk1.8.0_251\jre\lib\ext\jaccess.jar;C:\Program Files\Java\jdk1.8.0_251\jre\lib\ext\jfxrt.jar;C:\Program Files\Java\jdk1.8.0_251\jre\lib\ext\localedata.jar;C:\Program Files\Java\jdk1.8.0_251\jre\lib\ext\nashorn.jar;C:\Program Files\Java\jdk1.8.0_251\jre\lib\ext\sunec.jar;C:\Program Files\Java\jdk1.8.0_251\jre\lib\ext\sunjce_provider.jar;C:\Program Files\Java\jdk1.8.0_251\jre\lib\ext\sunmscapi.jar;C:\Program Files\Java\jdk1.8.0_251\jre\lib\ext\sunpkcs11.jar;C:\Program Files\Java\jdk1.8.0_251\jre\lib\ext\zipfs.jar;C:\Program Files\Java\jdk1.8.0_251\jre\lib\javaws.jar;C:\Program Files\Java\jdk1.8.0_251\jre\lib\jce.jar;C:\Program Files\Java\jdk1.8.0_251\jre\lib\jfr.jar;C:\Program Files\Java\jdk1.8.0_251\jre\lib\jfxswt.jar;C:\Program Files\Java\jdk1.8.0_251\jre\lib\jsse.jar;C:\Program Files\Java\jdk1.8.0_251\jre\lib\management-agent.jar;C:\Program Files\Java\jdk1.8.0_251\jre\lib\plugin.jar;C:\Program Files\Java\jdk1.8.0_251\jre\lib\resources.jar;C:\Program Files\Java\jdk1.8.0_251\jre\lib\rt.jar;D:\JIANGLEI\FinanceWORKSPACE\finance-master\simplejob-finance\target\classes;D:\JIANGLEI\INSTALLSOFT\mvnrepositoryTwo\org\projectlombok\lombok\1.18.10\lombok-1.18.10.jar;D:\JIANGLEI\INSTALLSOFT\mvnrepositoryTwo\org\springframework\boot\spring-boot-starter\2.2.1.RELEASE\spring-boot-starter-2.2.1.RELEASE.jar;D:\JIANGLEI\INSTALLSOFT\mvnrepositoryTwo\org\springframework\boot\spring-boot-starter-logging\2.2.1.RELEASE\spring-boot-starter-logging-2.2.1.RELEASE.jar;D:\JIANGLEI\INSTALLSOFT\mvnrepositoryTwo\ch\qos\logback\logback-classic\1.2.3\logback-classic-1.2.3.jar;D:\JIANGLEI\INSTALLSOFT\mvnrepositoryTwo\ch\qos\logback\logback-core\1.2.3\logback-core-1.2.3.jar;D:\JIANGLEI\INSTALLSOFT\mvnrepositoryTwo\org\apache\logging\log4j\log4j-to-slf4j\2.12.1\log4j-to-slf4j-2.12.1.jar;D:\JIANGLEI\INSTALLSOFT\mvnrepositoryTwo\org\apache\logging\log4j\log4j-api\2.12.1\log4j-api-2.12.1.jar;D:\JIANGLEI\INSTALLSOFT\mvnrepositoryTwo\org\slf4j\jul-to-slf4j\1.7.29\jul-to-slf4j-1.7.29.jar;D:\JIANGLEI\INSTALLSOFT\mvnrepositoryTwo\jakarta\annotation\jakarta.annotation-api\1.3.5\jakarta.annotation-api-1.3.5.jar;D:\JIANGLEI\INSTALLSOFT\mvnrepositoryTwo\org\slf4j\slf4j-api\1.7.29\slf4j-api-1.7.29.jar;D:\JIANGLEI\INSTALLSOFT\mvnrepositoryTwo\org\springframework\spring-core\5.2.1.RELEASE\spring-core-5.2.1.RELEASE.jar;D:\JIANGLEI\INSTALLSOFT\mvnrepositoryTwo\org\springframework\spring-jcl\5.2.1.RELEASE\spring-jcl-5.2.1.RELEASE.jar;D:\JIANGLEI\INSTALLSOFT\mvnrepositoryTwo\com\baomidou\mybatis-plus-boot-starter\3.5.1\mybatis-plus-boot-starter-3.5.1.jar;D:\JIANGLEI\INSTALLSOFT\mvnrepositoryTwo\com\baomidou\mybatis-plus\3.5.1\mybatis-plus-3.5.1.jar;D:\JIANGLEI\INSTALLSOFT\mvnrepositoryTwo\com\baomidou\mybatis-plus-extension\3.5.1\mybatis-plus-extension-3.5.1.jar;D:\JIANGLEI\INSTALLSOFT\mvnrepositoryTwo\com\baomidou\mybatis-plus-core\3.5.1\mybatis-plus-core-3.5.1.jar;D:\JIANGLEI\INSTALLSOFT\mvnrepositoryTwo\com\baomidou\mybatis-plus-annotation\3.5.1\mybatis-plus-annotation-3.5.1.jar;D:\JIANGLEI\INSTALLSOFT\mvnrepositoryTwo\com\github\jsqlparser\jsqlparser\4.3\jsqlparser-4.3.jar;D:\JIANGLEI\INSTALLSOFT\mvnrepositoryTwo\org\mybatis\mybatis\3.5.9\mybatis-3.5.9.jar;D:\JIANGLEI\INSTALLSOFT\mvnrepositoryTwo\org\mybatis\mybatis-spring\2.0.6\mybatis-spring-2.0.6.jar;D:\JIANGLEI\INSTALLSOFT\mvnrepositoryTwo\org\springframework\boot\spring-boot-autoconfigure\2.2.1.RELEASE\spring-boot-autoconfigure-2.2.1.RELEASE.jar;D:\JIANGLEI\INSTALLSOFT\mvnrepositoryTwo\com\baomidou\mybatis-plus-generator\3.5.1\mybatis-plus-generator-3.5.1.jar;D:\JIANGLEI\INSTALLSOFT\mvnrepositoryTwo\org\freemarker\freemarker\2.3.31\freemarker-2.3.31.jar;D:\JIANGLEI\INSTALLSOFT\mvnrepositoryTwo\org\springframework\boot\spring-boot-devtools\2.2.1.RELEASE\spring-boot-devtools-2.2.1.RELEASE.jar;D:\JIANGLEI\INSTALLSOFT\mvnrepositoryTwo\org\springframework\boot\spring-boot\2.2.1.RELEASE\spring-boot-2.2.1.RELEASE.jar;D:\JIANGLEI\INSTALLSOFT\mvnrepositoryTwo\org\springframework\spring-context\5.2.1.RELEASE\spring-context-5.2.1.RELEASE.jar;D:\JIANGLEI\INSTALLSOFT\mvnrepositoryTwo\mysql\mysql-connector-java\5.1.47\mysql-connector-java-5.1.47.jar;D:\JIANGLEI\INSTALLSOFT\mvnrepositoryTwo\cn\hutool\hutool-all\5.7.19\hutool-all-5.7.19.jar;D:\JIANGLEI\INSTALLSOFT\mvnrepositoryTwo\joda-time\joda-time\2.9.9\joda-time-2.9.9.jar;D:\JIANGLEI\INSTALLSOFT\mvnrepositoryTwo\com\alibaba\fastjson\2.0.34\fastjson-2.0.34.jar;D:\JIANGLEI\INSTALLSOFT\mvnrepositoryTwo\com\alibaba\fastjson2\fastjson2-extension\2.0.34\fastjson2-extension-2.0.34.jar;D:\JIANGLEI\INSTALLSOFT\mvnrepositoryTwo\com\alibaba\fastjson2\fastjson2\2.0.34\fastjson2-2.0.34.jar;D:\JIANGLEI\INSTALLSOFT\mvnrepositoryTwo\org\springframework\boot\spring-boot-starter-actuator\2.2.1.RELEASE\spring-boot-starter-actuator-2.2.1.RELEASE.jar;D:\JIANGLEI\INSTALLSOFT\mvnrepositoryTwo\org\springframework\boot\spring-boot-actuator-autoconfigure\2.2.1.RELEASE\spring-boot-actuator-autoconfigure-2.2.1.RELEASE.jar;D:\JIANGLEI\INSTALLSOFT\mvnrepositoryTwo\org\springframework\boot\spring-boot-actuator\2.2.1.RELEASE\spring-boot-actuator-2.2.1.RELEASE.jar;D:\JIANGLEI\INSTALLSOFT\mvnrepositoryTwo\com\fasterxml\jackson\core\jackson-databind\2.10.0\jackson-databind-2.10.0.jar;D:\JIANGLEI\INSTALLSOFT\mvnrepositoryTwo\com\fasterxml\jackson\core\jackson-annotations\2.10.0\jackson-annotations-2.10.0.jar;D:\JIANGLEI\INSTALLSOFT\mvnrepositoryTwo\com\fasterxml\jackson\core\jackson-core\2.10.0\jackson-core-2.10.0.jar;D:\JIANGLEI\INSTALLSOFT\mvnrepositoryTwo\com\fasterxml\jackson\datatype\jackson-datatype-jsr310\2.10.0\jackson-datatype-jsr310-2.10.0.jar;D:\JIANGLEI\INSTALLSOFT\mvnrepositoryTwo\io\micrometer\micrometer-core\1.3.1\micrometer-core-1.3.1.jar;D:\JIANGLEI\INSTALLSOFT\mvnrepositoryTwo\org\hdrhistogram\HdrHistogram\2.1.11\HdrHistogram-2.1.11.jar;D:\JIANGLEI\INSTALLSOFT\mvnrepositoryTwo\org\latencyutils\LatencyUtils\2.0.3\LatencyUtils-2.0.3.jar;D:\JIANGLEI\INSTALLSOFT\mvnrepositoryTwo\org\springframework\boot\spring-boot-starter-web\2.2.1.RELEASE\spring-boot-starter-web-2.2.1.RELEASE.jar;D:\JIANGLEI\INSTALLSOFT\mvnrepositoryTwo\org\springframework\boot\spring-boot-starter-json\2.2.1.RELEASE\spring-boot-starter-json-2.2.1.RELEASE.jar;D:\JIANGLEI\INSTALLSOFT\mvnrepositoryTwo\com\fasterxml\jackson\datatype\jackson-datatype-jdk8\2.10.0\jackson-datatype-jdk8-2.10.0.jar;D:\JIANGLEI\INSTALLSOFT\mvnrepositoryTwo\com\fasterxml\jackson\module\jackson-module-parameter-names\2.10.0\jackson-module-parameter-names-2.10.0.jar;D:\JIANGLEI\INSTALLSOFT\mvnrepositoryTwo\org\springframework\boot\spring-boot-starter-tomcat\2.2.1.RELEASE\spring-boot-starter-tomcat-2.2.1.RELEASE.jar;D:\JIANGLEI\INSTALLSOFT\mvnrepositoryTwo\org\apache\tomcat\embed\tomcat-embed-core\9.0.27\tomcat-embed-core-9.0.27.jar;D:\JIANGLEI\INSTALLSOFT\mvnrepositoryTwo\org\apache\tomcat\embed\tomcat-embed-el\9.0.27\tomcat-embed-el-9.0.27.jar;D:\JIANGLEI\INSTALLSOFT\mvnrepositoryTwo\org\apache\tomcat\embed\tomcat-embed-websocket\9.0.27\tomcat-embed-websocket-9.0.27.jar;D:\JIANGLEI\INSTALLSOFT\mvnrepositoryTwo\org\springframework\boot\spring-boot-starter-validation\2.2.1.RELEASE\spring-boot-starter-validation-2.2.1.RELEASE.jar;D:\JIANGLEI\INSTALLSOFT\mvnrepositoryTwo\jakarta\validation\jakarta.validation-api\2.0.1\jakarta.validation-api-2.0.1.jar;D:\JIANGLEI\INSTALLSOFT\mvnrepositoryTwo\org\hibernate\validator\hibernate-validator\6.0.18.Final\hibernate-validator-6.0.18.Final.jar;D:\JIANGLEI\INSTALLSOFT\mvnrepositoryTwo\org\jboss\logging\jboss-logging\3.4.1.Final\jboss-logging-3.4.1.Final.jar;D:\JIANGLEI\INSTALLSOFT\mvnrepositoryTwo\com\fasterxml\classmate\1.5.1\classmate-1.5.1.jar;D:\JIANGLEI\INSTALLSOFT\mvnrepositoryTwo\org\springframework\spring-web\5.2.1.RELEASE\spring-web-5.2.1.RELEASE.jar;D:\JIANGLEI\INSTALLSOFT\mvnrepositoryTwo\org\springframework\spring-beans\5.2.1.RELEASE\spring-beans-5.2.1.RELEASE.jar;D:\JIANGLEI\INSTALLSOFT\mvnrepositoryTwo\org\springframework\spring-webmvc\5.2.1.RELEASE\spring-webmvc-5.2.1.RELEASE.jar;D:\JIANGLEI\INSTALLSOFT\mvnrepositoryTwo\org\springframework\spring-aop\5.2.1.RELEASE\spring-aop-5.2.1.RELEASE.jar;D:\JIANGLEI\INSTALLSOFT\mvnrepositoryTwo\org\springframework\spring-expression\5.2.1.RELEASE\spring-expression-5.2.1.RELEASE.jar;D:\JIANGLEI\INSTALLSOFT\mvnrepositoryTwo\org\springframework\boot\spring-boot-starter-jdbc\2.2.1.RELEASE\spring-boot-starter-jdbc-2.2.1.RELEASE.jar;D:\JIANGLEI\INSTALLSOFT\mvnrepositoryTwo\com\zaxxer\HikariCP\3.4.1\HikariCP-3.4.1.jar;D:\JIANGLEI\INSTALLSOFT\mvnrepositoryTwo\org\springframework\spring-jdbc\5.2.1.RELEASE\spring-jdbc-5.2.1.RELEASE.jar;D:\JIANGLEI\INSTALLSOFT\mvnrepositoryTwo\org\springframework\spring-tx\5.2.1.RELEASE\spring-tx-5.2.1.RELEASE.jar;D:\JIANGLEI\INSTALLSOFT\mvnrepositoryTwo\org\apache\shardingsphere\elasticjob\elasticjob-lite-core\3.0.1\elasticjob-lite-core-3.0.1.jar;D:\JIANGLEI\INSTALLSOFT\mvnrepositoryTwo\org\apache\shardingsphere\elasticjob\elasticjob-api\3.0.1\elasticjob-api-3.0.1.jar;D:\JIANGLEI\INSTALLSOFT\mvnrepositoryTwo\com\google\guava\guava\29.0-jre\guava-29.0-jre.jar;D:\JIANGLEI\INSTALLSOFT\mvnrepositoryTwo\com\google\guava\failureaccess\1.0.1\failureaccess-1.0.1.jar;D:\JIANGLEI\INSTALLSOFT\mvnrepositoryTwo\com\google\guava\listenablefuture\9999.0-empty-to-avoid-conflict-with-guava\listenablefuture-9999.0-empty-to-avoid-conflict-with-guava.jar;D:\JIANGLEI\INSTALLSOFT\mvnrepositoryTwo\com\google\code\findbugs\jsr305\3.0.2\jsr305-3.0.2.jar;D:\JIANGLEI\INSTALLSOFT\mvnrepositoryTwo\org\checkerframework\checker-qual\2.11.1\checker-qual-2.11.1.jar;D:\JIANGLEI\INSTALLSOFT\mvnrepositoryTwo\com\google\errorprone\error_prone_annotations\2.3.4\error_prone_annotations-2.3.4.jar;D:\JIANGLEI\INSTALLSOFT\mvnrepositoryTwo\org\apache\shardingsphere\elasticjob\elasticjob-infra-common\3.0.1\elasticjob-infra-common-3.0.1.jar;D:\JIANGLEI\INSTALLSOFT\mvnrepositoryTwo\org\apache\shardingsphere\elasticjob\elasticjob-registry-center\3.0.1\elasticjob-registry-center-3.0.1.jar;D:\JIANGLEI\INSTALLSOFT\mvnrepositoryTwo\org\apache\curator\curator-framework\5.1.0\curator-framework-5.1.0.jar;D:\JIANGLEI\INSTALLSOFT\mvnrepositoryTwo\org\apache\curator\curator-client\5.1.0\curator-client-5.1.0.jar;D:\JIANGLEI\INSTALLSOFT\mvnrepositoryTwo\org\apache\zookeeper\zookeeper\3.6.0\zookeeper-3.6.0.jar;D:\JIANGLEI\INSTALLSOFT\mvnrepositoryTwo\commons-lang\commons-lang\2.6\commons-lang-2.6.jar;D:\JIANGLEI\INSTALLSOFT\mvnrepositoryTwo\org\apache\zookeeper\zookeeper-jute\3.6.0\zookeeper-jute-3.6.0.jar;D:\JIANGLEI\INSTALLSOFT\mvnrepositoryTwo\org\apache\yetus\audience-annotations\0.5.0\audience-annotations-0.5.0.jar;D:\JIANGLEI\INSTALLSOFT\mvnrepositoryTwo\io\netty\netty-handler\4.1.43.Final\netty-handler-4.1.43.Final.jar;D:\JIANGLEI\INSTALLSOFT\mvnrepositoryTwo\io\netty\netty-common\4.1.43.Final\netty-common-4.1.43.Final.jar;D:\JIANGLEI\INSTALLSOFT\mvnrepositoryTwo\io\netty\netty-buffer\4.1.43.Final\netty-buffer-4.1.43.Final.jar;D:\JIANGLEI\INSTALLSOFT\mvnrepositoryTwo\io\netty\netty-transport\4.1.43.Final\netty-transport-4.1.43.Final.jar;D:\JIANGLEI\INSTALLSOFT\mvnrepositoryTwo\io\netty\netty-resolver\4.1.43.Final\netty-resolver-4.1.43.Final.jar;D:\JIANGLEI\INSTALLSOFT\mvnrepositoryTwo\io\netty\netty-codec\4.1.43.Final\netty-codec-4.1.43.Final.jar;D:\JIANGLEI\INSTALLSOFT\mvnrepositoryTwo\io\netty\netty-transport-native-epoll\4.1.43.Final\netty-transport-native-epoll-4.1.43.Final.jar;D:\JIANGLEI\INSTALLSOFT\mvnrepositoryTwo\io\netty\netty-transport-native-unix-common\4.1.43.Final\netty-transport-native-unix-common-4.1.43.Final.jar;D:\JIANGLEI\INSTALLSOFT\mvnrepositoryTwo\log4j\log4j\1.2.17\log4j-1.2.17.jar;D:\JIANGLEI\INSTALLSOFT\mvnrepositoryTwo\org\apache\curator\curator-recipes\5.1.0\curator-recipes-5.1.0.jar;D:\JIANGLEI\INSTALLSOFT\mvnrepositoryTwo\org\apache\shardingsphere\elasticjob\elasticjob-simple-executor\3.0.1\elasticjob-simple-executor-3.0.1.jar;D:\JIANGLEI\INSTALLSOFT\mvnrepositoryTwo\org\apache\shardingsphere\elasticjob\elasticjob-executor-kernel\3.0.1\elasticjob-executor-kernel-3.0.1.jar;D:\JIANGLEI\INSTALLSOFT\mvnrepositoryTwo\org\apache\shardingsphere\elasticjob\elasticjob-error-handler-general\3.0.1\elasticjob-error-handler-general-3.0.1.jar;D:\JIANGLEI\INSTALLSOFT\mvnrepositoryTwo\org\apache\shardingsphere\elasticjob\elasticjob-error-handler-spi\3.0.1\elasticjob-error-handler-spi-3.0.1.jar;D:\JIANGLEI\INSTALLSOFT\mvnrepositoryTwo\org\apache\shardingsphere\elasticjob\elasticjob-dataflow-executor\3.0.1\elasticjob-dataflow-executor-3.0.1.jar;D:\JIANGLEI\INSTALLSOFT\mvnrepositoryTwo\org\apache\shardingsphere\elasticjob\elasticjob-script-executor\3.0.1\elasticjob-script-executor-3.0.1.jar;D:\JIANGLEI\INSTALLSOFT\mvnrepositoryTwo\org\apache\commons\commons-exec\1.3\commons-exec-1.3.jar;D:\JIANGLEI\INSTALLSOFT\mvnrepositoryTwo\org\apache\shardingsphere\elasticjob\elasticjob-http-executor\3.0.1\elasticjob-http-executor-3.0.1.jar;D:\JIANGLEI\INSTALLSOFT\mvnrepositoryTwo\org\apache\shardingsphere\elasticjob\elasticjob-tracing-rdb\3.0.1\elasticjob-tracing-rdb-3.0.1.jar;D:\JIANGLEI\INSTALLSOFT\mvnrepositoryTwo\org\apache\shardingsphere\elasticjob\elasticjob-tracing-api\3.0.1\elasticjob-tracing-api-3.0.1.jar;D:\JIANGLEI\INSTALLSOFT\mvnrepositoryTwo\org\apache\commons\commons-lang3\3.9\commons-lang3-3.9.jar;D:\JIANGLEI\INSTALLSOFT\mvnrepositoryTwo\org\yaml\snakeyaml\1.25\snakeyaml-1.25.jar;D:\JIANGLEI\INSTALLSOFT\mvnrepositoryTwo\com\google\code\gson\gson\2.8.6\gson-2.8.6.jar;D:\JIANGLEI\INSTALLSOFT\mvnrepositoryTwo\org\quartz-scheduler\quartz\2.3.2\quartz-2.3.2.jar;D:\JIANGLEI\INSTALLSOFT\mvnrepositoryTwo\com\mchange\mchange-commons-java\0.2.15\mchange-commons-java-0.2.15.jar;D:\JIANGLEI\INSTALLSOFT\mvnrepositoryTwo\org\apache\shardingsphere\elasticjob\elasticjob-lite-spring-boot-starter\3.0.1\elasticjob-lite-spring-boot-starter-3.0.1.jar;D:\JIANGLEI\INSTALLSOFT\mvnrepositoryTwo\org\apache\shardingsphere\elasticjob\elasticjob-lite-spring-core\3.0.1\elasticjob-lite-spring-core-3.0.1.jar;D:\Program Files\IntelliJ IDEA 2023.2.5\lib\idea_rt.jar;C:\Users\JIANGLEI\AppData\Roaming\JetBrains\IntelliJIdea2023.3\plugins\MybatisLog\lib\mybatis-agent-1.0.30-all.jar;C:\Users\JIANGLEI\AppData\Local\JetBrains\IntelliJIdea2023.3\captureAgent\debugger-agent.jar
[2024-07-17 17:00:28.475] INFO 5800 simplejob-finance [restartedMain] [org.apache.zookeeper.ZooKeeper]:Client environment:java.library.path=C:\Program Files\Java\jdk1.8.0_251\bin;C:\WINDOWS\Sun\Java\bin;C:\WINDOWS\system32;C:\WINDOWS;C:\Program Files (x86)\Aliyun\SASE\3.8.9\ProxyBin\;C:\Program Files (x86)\Aliyun\SASE\3.6.7\ProxyBin\;D:\Program Files\Python\Scripts\;D:\Program Files\Python\;C:\Program Files (x86)\Common Files\Oracle\Java\javapath;C:\WINDOWS\system32;C:\WINDOWS;C:\WINDOWS\System32\Wbem;C:\WINDOWS\System32\WindowsPowerShell\v1.0\;C:\WINDOWS\System32\OpenSSH\;C:\Program Files\Java\jdk1.8.0_251\bin;D:\JIANGLEI\INSTALLSOFT\apache-maven-3.6.3\bin;C:\Program Files\TortoiseGit\bin;C:\Program Files (x86)\nodejs\;C:\Program Files\Git\cmd;D:\Program Files\Anaconda\condabin;C:\Handle; ;E:\UAT\UAT测试包_分公司\UAT测试包_分公司\;E:\网点管家UAT\网点管家UAT\;C:\Users\JIANGLEI\Desktop\数据导出\网点管家UAT\网点管家UAT\;C:\Users\JIANGLEI\Desktop\文档记录\网点管家UAT\网点管家UAT\;C:\Users\JIANGLEI\Desktop\UAT环境\UAT测试包_分公司-1\UAT测试包_分公司-1\;C:\YTO_Station\;C:\Users\JIANGLEI\AppData\Local\Microsoft\WindowsApps;;C:\Users\JIANGLEI\AppData\Local\Programs\Microsoft VS Code\bin;C:\Users\JIANGLEI\AppData\Roaming\npm;C:\Users\JIANGLEI\AppData\Local\Microsoft\WindowsApps;D:\Program Files\PyCharm 2023.3.2\bin;;D:\Program Files\WebStorm 2023.2.5\bin;;D:\Program Files\IntelliJ IDEA 2023.2.5\bin;;D:\Program Files\DataGrip 2023.2.3\bin;;.
[2024-07-17 17:00:28.475] INFO 5800 simplejob-finance [restartedMain] [org.apache.zookeeper.ZooKeeper]:Client environment:java.io.tmpdir=C:\Users\JIANGLEI\AppData\Local\Temp\
[2024-07-17 17:00:28.475] INFO 5800 simplejob-finance [restartedMain] [org.apache.zookeeper.ZooKeeper]:Client environment:java.compiler=<NA>
[2024-07-17 17:00:28.475] INFO 5800 simplejob-finance [restartedMain] [org.apache.zookeeper.ZooKeeper]:Client environment:os.name=Windows 10
[2024-07-17 17:00:28.475] INFO 5800 simplejob-finance [restartedMain] [org.apache.zookeeper.ZooKeeper]:Client environment:os.arch=amd64
[2024-07-17 17:00:28.475] INFO 5800 simplejob-finance [restartedMain] [org.apache.zookeeper.ZooKeeper]:Client environment:os.version=10.0
[2024-07-17 17:00:28.475] INFO 5800 simplejob-finance [restartedMain] [org.apache.zookeeper.ZooKeeper]:Client environment:user.name=JIANGLEI
[2024-07-17 17:00:28.475] INFO 5800 simplejob-finance [restartedMain] [org.apache.zookeeper.ZooKeeper]:Client environment:user.home=C:\Users\JIANGLEI
[2024-07-17 17:00:28.475] INFO 5800 simplejob-finance [restartedMain] [org.apache.zookeeper.ZooKeeper]:Client environment:user.dir=D:\JIANGLEI\FinanceWORKSPACE\finance-master
[2024-07-17 17:00:28.475] INFO 5800 simplejob-finance [restartedMain] [org.apache.zookeeper.ZooKeeper]:Client environment:os.memory.free=282MB
[2024-07-17 17:00:28.476] INFO 5800 simplejob-finance [restartedMain] [org.apache.zookeeper.ZooKeeper]:Client environment:os.memory.max=3612MB
[2024-07-17 17:00:28.476] INFO 5800 simplejob-finance [restartedMain] [org.apache.zookeeper.ZooKeeper]:Client environment:os.memory.total=322MB
[2024-07-17 17:00:28.478] INFO 5800 simplejob-finance [restartedMain] [org.apache.zookeeper.ZooKeeper]:Initiating client connection, connectString=101.133.227.182:2181 sessionTimeout=60000 watcher=org.apache.curator.ConnectionState@95c3de7
[2024-07-17 17:00:28.481] INFO 5800 simplejob-finance [restartedMain] [org.apache.zookeeper.common.X509Util]:Setting -D jdk.tls.rejectClientInitiatedRenegotiation=true to disable client-initiated TLS renegotiation
[2024-07-17 17:00:28.492] INFO 5800 simplejob-finance [restartedMain] [org.apache.zookeeper.ClientCnxnSocket]:jute.maxbuffer value is 1048575 Bytes
[2024-07-17 17:00:28.496] INFO 5800 simplejob-finance [restartedMain] [org.apache.zookeeper.ClientCnxn]:zookeeper.request.timeout value is 0. feature enabled=false
[2024-07-17 17:00:28.505] INFO 5800 simplejob-finance [restartedMain] [org.apache.curator.framework.imps.CuratorFrameworkImpl]:Default schema
[2024-07-17 17:00:50.730] INFO 5800 simplejob-finance [Curator-Framework-0] [org.apache.curator.framework.state.ConnectionStateManager]:State change: SUSPENDED
[2024-07-17 17:00:50.738] ERROR 5800 simplejob-finance [Curator-Framework-0] [org.apache.curator.framework.imps.CuratorFrameworkImpl]:Background operation retry gave up
org.apache.zookeeper.KeeperException$ConnectionLossException: KeeperErrorCode = ConnectionLoss
	at org.apache.zookeeper.KeeperException.create(KeeperException.java:102)
	at org.apache.curator.framework.imps.CuratorFrameworkImpl.checkBackgroundRetry(CuratorFrameworkImpl.java:851)
	at org.apache.curator.framework.imps.CuratorFrameworkImpl.performBackgroundOperation(CuratorFrameworkImpl.java:999)
	at org.apache.curator.framework.imps.CuratorFrameworkImpl.backgroundOperationsLoop(CuratorFrameworkImpl.java:952)
	at org.apache.curator.framework.imps.CuratorFrameworkImpl.access$300(CuratorFrameworkImpl.java:66)
	at org.apache.curator.framework.imps.CuratorFrameworkImpl$4.call(CuratorFrameworkImpl.java:342)
	at java.util.concurrent.FutureTask.run$$$capture(FutureTask.java:266)
	at java.util.concurrent.FutureTask.run(FutureTask.java)
	at java.util.concurrent.ScheduledThreadPoolExecutor$ScheduledFutureTask.access$201(ScheduledThreadPoolExecutor.java:180)
	at java.util.concurrent.ScheduledThreadPoolExecutor$ScheduledFutureTask.run(ScheduledThreadPoolExecutor.java:293)
	at java.util.concurrent.ThreadPoolExecutor.runWorker(ThreadPoolExecutor.java:1149)
	at java.util.concurrent.ThreadPoolExecutor$Worker.run(ThreadPoolExecutor.java:624)
	at java.lang.Thread.run(Thread.java:748)
[2024-07-17 17:00:50.740] ERROR 5800 simplejob-finance [Curator-Framework-0] [org.apache.curator.framework.imps.CuratorFrameworkImpl]:Background retry gave up
org.apache.curator.CuratorConnectionLossException: KeeperErrorCode = ConnectionLoss
	at org.apache.curator.framework.imps.CuratorFrameworkImpl.performBackgroundOperation(CuratorFrameworkImpl.java:981)
	at org.apache.curator.framework.imps.CuratorFrameworkImpl.backgroundOperationsLoop(CuratorFrameworkImpl.java:952)
	at org.apache.curator.framework.imps.CuratorFrameworkImpl.access$300(CuratorFrameworkImpl.java:66)
	at org.apache.curator.framework.imps.CuratorFrameworkImpl$4.call(CuratorFrameworkImpl.java:342)
	at java.util.concurrent.FutureTask.run$$$capture(FutureTask.java:266)
	at java.util.concurrent.FutureTask.run(FutureTask.java)
	at java.util.concurrent.ScheduledThreadPoolExecutor$ScheduledFutureTask.access$201(ScheduledThreadPoolExecutor.java:180)
	at java.util.concurrent.ScheduledThreadPoolExecutor$ScheduledFutureTask.run(ScheduledThreadPoolExecutor.java:293)
	at java.util.concurrent.ThreadPoolExecutor.runWorker(ThreadPoolExecutor.java:1149)
	at java.util.concurrent.ThreadPoolExecutor$Worker.run(ThreadPoolExecutor.java:624)
	at java.lang.Thread.run(Thread.java:748)
[2024-07-17 17:00:51.413] INFO 5800 simplejob-finance [restartedMain-SendThread(101.133.227.182:2181)] [org.apache.zookeeper.ClientCnxn]:Opening socket connection to server 101.133.227.182/101.133.227.182:2181.
[2024-07-17 17:00:51.413] INFO 5800 simplejob-finance [restartedMain-SendThread(101.133.227.182:2181)] [org.apache.zookeeper.ClientCnxn]:SASL config status: Will not attempt to authenticate using SASL (unknown error)
[2024-07-17 17:00:51.425] INFO 5800 simplejob-finance [restartedMain-SendThread(101.133.227.182:2181)] [org.apache.zookeeper.ClientCnxn]:Socket connection established, initiating session, client: /172.16.160.131:65491, server: 101.133.227.182/101.133.227.182:2181
[2024-07-17 17:00:51.448] INFO 5800 simplejob-finance [restartedMain-SendThread(101.133.227.182:2181)] [org.apache.zookeeper.ClientCnxn]:Session establishment complete on server 101.133.227.182/101.133.227.182:2181, session id = 0x10001990dfc002a, negotiated timeout = 40000
[2024-07-17 17:00:51.454] INFO 5800 simplejob-finance [restartedMain-EventThread] [org.apache.curator.framework.state.ConnectionStateManager]:State change: CONNECTED
[2024-07-17 17:00:51.468] INFO 5800 simplejob-finance [restartedMain] [com.zaxxer.hikari.HikariDataSource]:HikariPool-1 - Starting...
[2024-07-17 17:00:51.488] INFO 5800 simplejob-finance [restartedMain-EventThread] [org.apache.curator.framework.imps.EnsembleTracker]:New config event received: {}
[2024-07-17 17:00:51.871] INFO 5800 simplejob-finance [restartedMain] [com.zaxxer.hikari.HikariDataSource]:HikariPool-1 - Start completed.
[2024-07-17 17:00:52.123] INFO 5800 simplejob-finance [restartedMain] [org.springframework.boot.devtools.autoconfigure.OptionalLiveReloadServer]:LiveReload server is running on port 35729
[2024-07-17 17:00:52.125] INFO 5800 simplejob-finance [restartedMain] [org.springframework.boot.actuate.endpoint.web.EndpointLinksResolver]:Exposing 2 endpoint(s) beneath base path '/actuator'
[2024-07-17 17:00:52.145] INFO 5800 simplejob-finance [restartedMain] [org.apache.shardingsphere.elasticjob.lite.spring.boot.job.ElasticJobBootstrapConfiguration]:creating Job Bootstrap Beans
[2024-07-17 17:00:52.175] INFO 5800 simplejob-finance [restartedMain] [org.apache.shardingsphere.elasticjob.lite.spring.core.setup.SpringProxyJobClassNameProvider]:create SpringProxyJobClassNameProvider
[2024-07-17 17:00:52.554] INFO 5800 simplejob-finance [restartedMain] [org.quartz.impl.StdSchedulerFactory]:Using default implementation for ThreadExecutor
[2024-07-17 17:00:52.566] INFO 5800 simplejob-finance [restartedMain] [org.quartz.core.SchedulerSignalerImpl]:Initialized Scheduler Signaller of type: class org.quartz.core.SchedulerSignalerImpl
[2024-07-17 17:00:52.566] INFO 5800 simplejob-finance [restartedMain] [org.quartz.core.QuartzScheduler]:Quartz Scheduler v.2.3.2 created.
[2024-07-17 17:00:52.567] INFO 5800 simplejob-finance [restartedMain] [org.apache.shardingsphere.elasticjob.lite.internal.schedule.JobShutdownHookPlugin]:Registering Quartz shutdown hook. FetchSharesListJobDaily
[2024-07-17 17:00:52.567] INFO 5800 simplejob-finance [restartedMain] [org.quartz.simpl.RAMJobStore]:RAMJobStore initialized.
[2024-07-17 17:00:52.568] INFO 5800 simplejob-finance [restartedMain] [org.quartz.core.QuartzScheduler]:Scheduler meta-data: Quartz Scheduler (v2.3.2) 'FetchSharesListJobDaily' with instanceId 'NON_CLUSTERED'
  Scheduler class: 'org.quartz.core.QuartzScheduler' - running locally.
  NOT STARTED.
  Currently in standby mode.
  Number of jobs executed: 0
  Using thread pool 'org.quartz.simpl.SimpleThreadPool' - with 1 threads.
  Using job-store 'org.quartz.simpl.RAMJobStore' - which does not support persistence. and is not clustered.

[2024-07-17 17:00:52.568] INFO 5800 simplejob-finance [restartedMain] [org.quartz.impl.StdSchedulerFactory]:Quartz scheduler 'FetchSharesListJobDaily' initialized from an externally provided properties instance.
[2024-07-17 17:00:52.568] INFO 5800 simplejob-finance [restartedMain] [org.quartz.impl.StdSchedulerFactory]:Quartz scheduler version: 2.3.2
[2024-07-17 17:00:52.579] INFO 5800 simplejob-finance [restartedMain] [org.apache.curator.utils.Compatibility]:Using org.apache.zookeeper.server.quorum.MultipleAddresses
[2024-07-17 17:00:53.111] INFO 5800 simplejob-finance [restartedMain] [org.quartz.impl.StdSchedulerFactory]:Using default implementation for ThreadExecutor
[2024-07-17 17:00:53.111] INFO 5800 simplejob-finance [restartedMain] [org.quartz.core.SchedulerSignalerImpl]:Initialized Scheduler Signaller of type: class org.quartz.core.SchedulerSignalerImpl
[2024-07-17 17:00:53.111] INFO 5800 simplejob-finance [restartedMain] [org.quartz.core.QuartzScheduler]:Quartz Scheduler v.2.3.2 created.
[2024-07-17 17:00:53.111] INFO 5800 simplejob-finance [restartedMain] [org.apache.shardingsphere.elasticjob.lite.internal.schedule.JobShutdownHookPlugin]:Registering Quartz shutdown hook. TradeDateJobDaily
[2024-07-17 17:00:53.111] INFO 5800 simplejob-finance [restartedMain] [org.quartz.simpl.RAMJobStore]:RAMJobStore initialized.
[2024-07-17 17:00:53.111] INFO 5800 simplejob-finance [restartedMain] [org.quartz.core.QuartzScheduler]:Scheduler meta-data: Quartz Scheduler (v2.3.2) 'TradeDateJobDaily' with instanceId 'NON_CLUSTERED'
  Scheduler class: 'org.quartz.core.QuartzScheduler' - running locally.
  NOT STARTED.
  Currently in standby mode.
  Number of jobs executed: 0
  Using thread pool 'org.quartz.simpl.SimpleThreadPool' - with 1 threads.
  Using job-store 'org.quartz.simpl.RAMJobStore' - which does not support persistence. and is not clustered.

[2024-07-17 17:00:53.112] INFO 5800 simplejob-finance [restartedMain] [org.quartz.impl.StdSchedulerFactory]:Quartz scheduler 'TradeDateJobDaily' initialized from an externally provided properties instance.
[2024-07-17 17:00:53.112] INFO 5800 simplejob-finance [restartedMain] [org.quartz.impl.StdSchedulerFactory]:Quartz scheduler version: 2.3.2
[2024-07-17 17:00:53.351] INFO 5800 simplejob-finance [restartedMain] [org.quartz.impl.StdSchedulerFactory]:Using default implementation for ThreadExecutor
[2024-07-17 17:00:53.351] INFO 5800 simplejob-finance [restartedMain] [org.quartz.core.SchedulerSignalerImpl]:Initialized Scheduler Signaller of type: class org.quartz.core.SchedulerSignalerImpl
[2024-07-17 17:00:53.352] INFO 5800 simplejob-finance [restartedMain] [org.quartz.core.QuartzScheduler]:Quartz Scheduler v.2.3.2 created.
[2024-07-17 17:00:53.352] INFO 5800 simplejob-finance [restartedMain] [org.apache.shardingsphere.elasticjob.lite.internal.schedule.JobShutdownHookPlugin]:Registering Quartz shutdown hook. FetchSharesQuotaJobDaily
[2024-07-17 17:00:53.352] INFO 5800 simplejob-finance [restartedMain] [org.quartz.simpl.RAMJobStore]:RAMJobStore initialized.
[2024-07-17 17:00:53.352] INFO 5800 simplejob-finance [restartedMain] [org.quartz.core.QuartzScheduler]:Scheduler meta-data: Quartz Scheduler (v2.3.2) 'FetchSharesQuotaJobDaily' with instanceId 'NON_CLUSTERED'
  Scheduler class: 'org.quartz.core.QuartzScheduler' - running locally.
  NOT STARTED.
  Currently in standby mode.
  Number of jobs executed: 0
  Using thread pool 'org.quartz.simpl.SimpleThreadPool' - with 1 threads.
  Using job-store 'org.quartz.simpl.RAMJobStore' - which does not support persistence. and is not clustered.

[2024-07-17 17:00:53.352] INFO 5800 simplejob-finance [restartedMain] [org.quartz.impl.StdSchedulerFactory]:Quartz scheduler 'FetchSharesQuotaJobDaily' initialized from an externally provided properties instance.
[2024-07-17 17:00:53.352] INFO 5800 simplejob-finance [restartedMain] [org.quartz.impl.StdSchedulerFactory]:Quartz scheduler version: 2.3.2
[2024-07-17 17:00:53.591] INFO 5800 simplejob-finance [restartedMain] [org.quartz.impl.StdSchedulerFactory]:Using default implementation for ThreadExecutor
[2024-07-17 17:00:53.592] INFO 5800 simplejob-finance [restartedMain] [org.quartz.core.SchedulerSignalerImpl]:Initialized Scheduler Signaller of type: class org.quartz.core.SchedulerSignalerImpl
[2024-07-17 17:00:53.592] INFO 5800 simplejob-finance [restartedMain] [org.quartz.core.QuartzScheduler]:Quartz Scheduler v.2.3.2 created.
[2024-07-17 17:00:53.592] INFO 5800 simplejob-finance [restartedMain] [org.apache.shardingsphere.elasticjob.lite.internal.schedule.JobShutdownHookPlugin]:Registering Quartz shutdown hook. FetchSwitchHDailyJob
[2024-07-17 17:00:53.592] INFO 5800 simplejob-finance [restartedMain] [org.quartz.simpl.RAMJobStore]:RAMJobStore initialized.
[2024-07-17 17:00:53.592] INFO 5800 simplejob-finance [restartedMain] [org.quartz.core.QuartzScheduler]:Scheduler meta-data: Quartz Scheduler (v2.3.2) 'FetchSwitchHDailyJob' with instanceId 'NON_CLUSTERED'
  Scheduler class: 'org.quartz.core.QuartzScheduler' - running locally.
  NOT STARTED.
  Currently in standby mode.
  Number of jobs executed: 0
  Using thread pool 'org.quartz.simpl.SimpleThreadPool' - with 1 threads.
  Using job-store 'org.quartz.simpl.RAMJobStore' - which does not support persistence. and is not clustered.

[2024-07-17 17:00:53.592] INFO 5800 simplejob-finance [restartedMain] [org.quartz.impl.StdSchedulerFactory]:Quartz scheduler 'FetchSwitchHDailyJob' initialized from an externally provided properties instance.
[2024-07-17 17:00:53.593] INFO 5800 simplejob-finance [restartedMain] [org.quartz.impl.StdSchedulerFactory]:Quartz scheduler version: 2.3.2
[2024-07-17 17:00:53.819] INFO 5800 simplejob-finance [restartedMain] [org.quartz.impl.StdSchedulerFactory]:Using default implementation for ThreadExecutor
[2024-07-17 17:00:53.819] INFO 5800 simplejob-finance [restartedMain] [org.quartz.core.SchedulerSignalerImpl]:Initialized Scheduler Signaller of type: class org.quartz.core.SchedulerSignalerImpl
[2024-07-17 17:00:53.819] INFO 5800 simplejob-finance [restartedMain] [org.quartz.core.QuartzScheduler]:Quartz Scheduler v.2.3.2 created.
[2024-07-17 17:00:53.819] INFO 5800 simplejob-finance [restartedMain] [org.apache.shardingsphere.elasticjob.lite.internal.schedule.JobShutdownHookPlugin]:Registering Quartz shutdown hook. WeekJiSuanJob
[2024-07-17 17:00:53.819] INFO 5800 simplejob-finance [restartedMain] [org.quartz.simpl.RAMJobStore]:RAMJobStore initialized.
[2024-07-17 17:00:53.819] INFO 5800 simplejob-finance [restartedMain] [org.quartz.core.QuartzScheduler]:Scheduler meta-data: Quartz Scheduler (v2.3.2) 'WeekJiSuanJob' with instanceId 'NON_CLUSTERED'
  Scheduler class: 'org.quartz.core.QuartzScheduler' - running locally.
  NOT STARTED.
  Currently in standby mode.
  Number of jobs executed: 0
  Using thread pool 'org.quartz.simpl.SimpleThreadPool' - with 1 threads.
  Using job-store 'org.quartz.simpl.RAMJobStore' - which does not support persistence. and is not clustered.

[2024-07-17 17:00:53.819] INFO 5800 simplejob-finance [restartedMain] [org.quartz.impl.StdSchedulerFactory]:Quartz scheduler 'WeekJiSuanJob' initialized from an externally provided properties instance.
[2024-07-17 17:00:53.819] INFO 5800 simplejob-finance [restartedMain] [org.quartz.impl.StdSchedulerFactory]:Quartz scheduler version: 2.3.2
[2024-07-17 17:00:53.989] INFO 5800 simplejob-finance [restartedMain] [org.apache.shardingsphere.elasticjob.lite.spring.boot.job.ElasticJobBootstrapConfiguration]:Job Bootstrap Beans created.
[2024-07-17 17:00:54.010] INFO 5800 simplejob-finance [restartedMain] [org.apache.coyote.http11.Http11NioProtocol]:Starting ProtocolHandler ["http-nio-9092"]
[2024-07-17 17:00:54.023] INFO 5800 simplejob-finance [restartedMain] [org.springframework.boot.web.embedded.tomcat.TomcatWebServer]:Tomcat started on port(s): 9092 (http) with context path ''
[2024-07-17 17:00:54.026] INFO 5800 simplejob-finance [restartedMain] [com.simple.job.finance.FinanceJobApplication]:Started FinanceJobApplication in 28.767 seconds (JVM running for 29.9)
[2024-07-17 17:00:54.031] INFO 5800 simplejob-finance [restartedMain] [org.apache.shardingsphere.elasticjob.lite.spring.boot.job.ScheduleJobBootstrapStartupRunner]:Starting ElasticJob Bootstrap.
[2024-07-17 17:00:54.040] INFO 5800 simplejob-finance [restartedMain] [org.quartz.core.QuartzScheduler]:Scheduler FetchSharesListJobDaily_$_NON_CLUSTERED started.
[2024-07-17 17:00:54.040] INFO 5800 simplejob-finance [restartedMain] [org.quartz.core.QuartzScheduler]:Scheduler TradeDateJobDaily_$_NON_CLUSTERED started.
[2024-07-17 17:00:54.041] INFO 5800 simplejob-finance [restartedMain] [org.quartz.core.QuartzScheduler]:Scheduler FetchSharesQuotaJobDaily_$_NON_CLUSTERED started.
[2024-07-17 17:00:54.041] INFO 5800 simplejob-finance [restartedMain] [org.quartz.core.QuartzScheduler]:Scheduler FetchSwitchHDailyJob_$_NON_CLUSTERED started.
[2024-07-17 17:00:54.042] INFO 5800 simplejob-finance [restartedMain] [org.quartz.core.QuartzScheduler]:Scheduler WeekJiSuanJob_$_NON_CLUSTERED started.
[2024-07-17 17:00:54.042] INFO 5800 simplejob-finance [restartedMain] [org.apache.shardingsphere.elasticjob.lite.spring.boot.job.ScheduleJobBootstrapStartupRunner]:ElasticJob Bootstrap started.
[2024-07-17 17:00:54.672] INFO 5800 simplejob-finance [RMI TCP Connection(5)-172.16.160.131] [org.apache.catalina.core.ContainerBase.[Tomcat].[localhost].[/]]:Initializing Spring DispatcherServlet 'dispatcherServlet'
[2024-07-17 17:00:54.672] INFO 5800 simplejob-finance [RMI TCP Connection(5)-172.16.160.131] [org.springframework.web.servlet.DispatcherServlet]:Initializing Servlet 'dispatcherServlet'
[2024-07-17 17:00:54.681] INFO 5800 simplejob-finance [RMI TCP Connection(5)-172.16.160.131] [org.springframework.web.servlet.DispatcherServlet]:Completed initialization in 9 ms
[2024-07-17 17:01:01.982] INFO 5800 simplejob-finance [WeekJiSuanJob_Worker-1] [com.simple.job.finance.job.WeekJiSuanJob]:WeekJiSuanJob start 2024年07月17日17时01分01秒
[2024-07-17 17:01:02.218] INFO 5800 simplejob-finance [WeekJiSuanJob_Worker-1] [com.simple.job.finance.job.WeekJiSuanJob]:开始处理...{"calDate":"20240621","creatTime":1718964000000,"dealFalgFirst":1,"dealFlag":"1","exchange":"SSE","id":175,"isOpen":1,"modyfiTime":1721128162000,"weekDealFlag":"0","weekInfo":"5"}
[2024-07-17 17:02:04.071] ERROR 5800 simplejob-finance [WeekJiSuanJob_Worker-1] [com.simple.job.finance.job.WeekJiSuanJob]:WeekJiSuanJob has Exception:java.lang.ArithmeticException: Non-terminating decimal expansion; no exact representable decimal result.
	at java.math.BigDecimal.divide(BigDecimal.java:1693)
	at com.simple.job.finance.service.impl.WeekJiSuanJobServiceImpl.weekJiSuanAction(WeekJiSuanJobServiceImpl.java:73)
	at com.simple.job.finance.job.WeekJiSuanJob.execute(WeekJiSuanJob.java:41)
	at org.apache.shardingsphere.elasticjob.simple.executor.SimpleJobExecutor.process(SimpleJobExecutor.java:33)
	at org.apache.shardingsphere.elasticjob.simple.executor.SimpleJobExecutor.process(SimpleJobExecutor.java:29)
	at org.apache.shardingsphere.elasticjob.executor.ElasticJobExecutor.process(ElasticJobExecutor.java:172)
	at org.apache.shardingsphere.elasticjob.executor.ElasticJobExecutor.process(ElasticJobExecutor.java:141)
	at org.apache.shardingsphere.elasticjob.executor.ElasticJobExecutor.execute(ElasticJobExecutor.java:124)
	at org.apache.shardingsphere.elasticjob.executor.ElasticJobExecutor.execute(ElasticJobExecutor.java:100)
	at org.apache.shardingsphere.elasticjob.lite.internal.schedule.LiteJob.execute(LiteJob.java:35)
	at org.quartz.core.JobRunShell.run(JobRunShell.java:202)
	at org.quartz.simpl.SimpleThreadPool$WorkerThread.run(SimpleThreadPool.java:573)

[2024-07-17 17:02:04.072] INFO 5800 simplejob-finance [WeekJiSuanJob_Worker-1] [com.simple.job.finance.job.WeekJiSuanJob]:WeekJiSuanJob end 2024年07月17日17时02分04秒
[2024-07-17 17:02:05.523] INFO 5800 simplejob-finance [Quartz Shutdown-Hook FetchSharesQuotaJobDaily] [org.apache.shardingsphere.elasticjob.lite.internal.schedule.JobShutdownHookPlugin]:Shutting down Quartz... FetchSharesQuotaJobDaily
[2024-07-17 17:02:05.524] INFO 5800 simplejob-finance [Quartz Shutdown-Hook FetchSharesQuotaJobDaily] [org.quartz.core.QuartzScheduler]:Scheduler FetchSharesQuotaJobDaily_$_NON_CLUSTERED shutting down.
[2024-07-17 17:02:05.524] INFO 5800 simplejob-finance [Quartz Shutdown-Hook FetchSharesQuotaJobDaily] [org.quartz.core.QuartzScheduler]:Scheduler FetchSharesQuotaJobDaily_$_NON_CLUSTERED paused.
[2024-07-17 17:02:05.524] INFO 5800 simplejob-finance [Quartz Shutdown-Hook FetchSharesListJobDaily] [org.apache.shardingsphere.elasticjob.lite.internal.schedule.JobShutdownHookPlugin]:Shutting down Quartz... FetchSharesListJobDaily
[2024-07-17 17:02:05.524] INFO 5800 simplejob-finance [Quartz Shutdown-Hook WeekJiSuanJob] [org.apache.shardingsphere.elasticjob.lite.internal.schedule.JobShutdownHookPlugin]:Shutting down Quartz... WeekJiSuanJob
[2024-07-17 17:02:05.524] INFO 5800 simplejob-finance [Quartz Shutdown-Hook FetchSwitchHDailyJob] [org.apache.shardingsphere.elasticjob.lite.internal.schedule.JobShutdownHookPlugin]:Shutting down Quartz... FetchSwitchHDailyJob
[2024-07-17 17:02:05.524] INFO 5800 simplejob-finance [Quartz Shutdown-Hook TradeDateJobDaily] [org.apache.shardingsphere.elasticjob.lite.internal.schedule.JobShutdownHookPlugin]:Shutting down Quartz... TradeDateJobDaily
[2024-07-17 17:02:05.525] INFO 5800 simplejob-finance [Quartz Shutdown-Hook FetchSharesListJobDaily] [org.quartz.core.QuartzScheduler]:Scheduler FetchSharesListJobDaily_$_NON_CLUSTERED shutting down.
[2024-07-17 17:02:05.525] INFO 5800 simplejob-finance [Quartz Shutdown-Hook TradeDateJobDaily] [org.quartz.core.QuartzScheduler]:Scheduler TradeDateJobDaily_$_NON_CLUSTERED shutting down.
[2024-07-17 17:02:05.525] INFO 5800 simplejob-finance [Quartz Shutdown-Hook FetchSharesListJobDaily] [org.quartz.core.QuartzScheduler]:Scheduler FetchSharesListJobDaily_$_NON_CLUSTERED paused.
[2024-07-17 17:02:05.525] INFO 5800 simplejob-finance [Quartz Shutdown-Hook TradeDateJobDaily] [org.quartz.core.QuartzScheduler]:Scheduler TradeDateJobDaily_$_NON_CLUSTERED paused.
[2024-07-17 17:02:05.525] INFO 5800 simplejob-finance [Quartz Shutdown-Hook FetchSwitchHDailyJob] [org.quartz.core.QuartzScheduler]:Scheduler FetchSwitchHDailyJob_$_NON_CLUSTERED shutting down.
[2024-07-17 17:02:05.525] INFO 5800 simplejob-finance [Quartz Shutdown-Hook FetchSwitchHDailyJob] [org.quartz.core.QuartzScheduler]:Scheduler FetchSwitchHDailyJob_$_NON_CLUSTERED paused.
[2024-07-17 17:02:05.525] INFO 5800 simplejob-finance [Quartz Shutdown-Hook WeekJiSuanJob] [org.quartz.core.QuartzScheduler]:Scheduler WeekJiSuanJob_$_NON_CLUSTERED shutting down.
[2024-07-17 17:02:05.526] INFO 5800 simplejob-finance [Quartz Shutdown-Hook WeekJiSuanJob] [org.quartz.core.QuartzScheduler]:Scheduler WeekJiSuanJob_$_NON_CLUSTERED paused.
[2024-07-17 17:02:05.627] INFO 5800 simplejob-finance [Quartz Shutdown-Hook FetchSharesListJobDaily] [org.quartz.core.QuartzScheduler]:Scheduler FetchSharesListJobDaily_$_NON_CLUSTERED shutdown complete.
[2024-07-17 17:02:05.629] INFO 5800 simplejob-finance [Quartz Shutdown-Hook FetchSwitchHDailyJob] [org.quartz.core.QuartzScheduler]:Scheduler FetchSwitchHDailyJob_$_NON_CLUSTERED shutdown complete.
[2024-07-17 17:02:05.629] INFO 5800 simplejob-finance [Quartz Shutdown-Hook FetchSharesQuotaJobDaily] [org.quartz.core.QuartzScheduler]:Scheduler FetchSharesQuotaJobDaily_$_NON_CLUSTERED shutdown complete.
[2024-07-17 17:02:05.629] INFO 5800 simplejob-finance [Quartz Shutdown-Hook TradeDateJobDaily] [org.quartz.core.QuartzScheduler]:Scheduler TradeDateJobDaily_$_NON_CLUSTERED shutdown complete.
[2024-07-17 17:02:05.660] INFO 5800 simplejob-finance [Quartz Shutdown-Hook WeekJiSuanJob] [org.quartz.core.QuartzScheduler]:Scheduler WeekJiSuanJob_$_NON_CLUSTERED shutdown complete.
[2024-07-17 17:03:05.908] INFO 24400 simplejob-finance [restartedMain] [com.simple.job.finance.FinanceJobApplication]:Starting FinanceJobApplication on DESKTOP-SOPT3QG with PID 24400 (D:\JIANGLEI\FinanceWORKSPACE\finance-master\simplejob-finance\target\classes started by JIANGLEI in D:\JIANGLEI\FinanceWORKSPACE\finance-master)
[2024-07-17 17:03:05.910] INFO 24400 simplejob-finance [restartedMain] [com.simple.job.finance.FinanceJobApplication]:No active profile set, falling back to default profiles: default
[2024-07-17 17:03:05.949] INFO 24400 simplejob-finance [restartedMain] [org.springframework.boot.devtools.env.DevToolsPropertyDefaultsPostProcessor]:Devtools property defaults active! Set 'spring.devtools.add-properties' to 'false' to disable
[2024-07-17 17:03:05.949] INFO 24400 simplejob-finance [restartedMain] [org.springframework.boot.devtools.env.DevToolsPropertyDefaultsPostProcessor]:For additional web related logging consider setting the 'logging.level.web' property to 'DEBUG'
[2024-07-17 17:03:06.900] INFO 24400 simplejob-finance [restartedMain] [org.springframework.context.support.PostProcessorRegistrationDelegate$BeanPostProcessorChecker]:Bean 'org.springframework.transaction.annotation.ProxyTransactionManagementConfiguration' of type [org.springframework.transaction.annotation.ProxyTransactionManagementConfiguration] is not eligible for getting processed by all BeanPostProcessors (for example: not eligible for auto-proxying)
[2024-07-17 17:03:07.182] INFO 24400 simplejob-finance [restartedMain] [org.springframework.boot.web.embedded.tomcat.TomcatWebServer]:Tomcat initialized with port(s): 9092 (http)
[2024-07-17 17:03:07.190] INFO 24400 simplejob-finance [restartedMain] [org.apache.coyote.http11.Http11NioProtocol]:Initializing ProtocolHandler ["http-nio-9092"]
[2024-07-17 17:03:07.191] INFO 24400 simplejob-finance [restartedMain] [org.apache.catalina.core.StandardService]:Starting service [Tomcat]
[2024-07-17 17:03:07.191] INFO 24400 simplejob-finance [restartedMain] [org.apache.catalina.core.StandardEngine]:Starting Servlet engine: [Apache Tomcat/9.0.27]
[2024-07-17 17:03:07.358] INFO 24400 simplejob-finance [restartedMain] [org.apache.catalina.core.ContainerBase.[Tomcat].[localhost].[/]]:Initializing Spring embedded WebApplicationContext
[2024-07-17 17:03:07.358] INFO 24400 simplejob-finance [restartedMain] [org.springframework.web.context.ContextLoader]:Root WebApplicationContext: initialization completed in 1409 ms
[2024-07-17 17:03:08.220] INFO 24400 simplejob-finance [restartedMain] [org.springframework.scheduling.concurrent.ThreadPoolTaskExecutor]:Initializing ExecutorService 'applicationTaskExecutor'
[2024-07-17 17:03:08.386] INFO 24400 simplejob-finance [restartedMain] [org.apache.curator.framework.imps.CuratorFrameworkImpl]:Starting
[2024-07-17 17:03:08.393] INFO 24400 simplejob-finance [restartedMain] [org.apache.zookeeper.ZooKeeper]:Client environment:zookeeper.version=3.6.0--b4c89dc7f6083829e18fae6e446907ae0b1f22d7, built on 02/25/2020 14:38 GMT
[2024-07-17 17:03:08.393] INFO 24400 simplejob-finance [restartedMain] [org.apache.zookeeper.ZooKeeper]:Client environment:host.name=DESKTOP-SOPT3QG
[2024-07-17 17:03:08.393] INFO 24400 simplejob-finance [restartedMain] [org.apache.zookeeper.ZooKeeper]:Client environment:java.version=1.8.0_251
[2024-07-17 17:03:08.393] INFO 24400 simplejob-finance [restartedMain] [org.apache.zookeeper.ZooKeeper]:Client environment:java.vendor=Oracle Corporation
[2024-07-17 17:03:08.393] INFO 24400 simplejob-finance [restartedMain] [org.apache.zookeeper.ZooKeeper]:Client environment:java.home=C:\Program Files\Java\jdk1.8.0_251\jre
[2024-07-17 17:03:08.394] INFO 24400 simplejob-finance [restartedMain] [org.apache.zookeeper.ZooKeeper]:Client environment:java.class.path=C:\Program Files\Java\jdk1.8.0_251\jre\lib\charsets.jar;C:\Program Files\Java\jdk1.8.0_251\jre\lib\deploy.jar;C:\Program Files\Java\jdk1.8.0_251\jre\lib\ext\access-bridge-64.jar;C:\Program Files\Java\jdk1.8.0_251\jre\lib\ext\cldrdata.jar;C:\Program Files\Java\jdk1.8.0_251\jre\lib\ext\dnsns.jar;C:\Program Files\Java\jdk1.8.0_251\jre\lib\ext\jaccess.jar;C:\Program Files\Java\jdk1.8.0_251\jre\lib\ext\jfxrt.jar;C:\Program Files\Java\jdk1.8.0_251\jre\lib\ext\localedata.jar;C:\Program Files\Java\jdk1.8.0_251\jre\lib\ext\nashorn.jar;C:\Program Files\Java\jdk1.8.0_251\jre\lib\ext\sunec.jar;C:\Program Files\Java\jdk1.8.0_251\jre\lib\ext\sunjce_provider.jar;C:\Program Files\Java\jdk1.8.0_251\jre\lib\ext\sunmscapi.jar;C:\Program Files\Java\jdk1.8.0_251\jre\lib\ext\sunpkcs11.jar;C:\Program Files\Java\jdk1.8.0_251\jre\lib\ext\zipfs.jar;C:\Program Files\Java\jdk1.8.0_251\jre\lib\javaws.jar;C:\Program Files\Java\jdk1.8.0_251\jre\lib\jce.jar;C:\Program Files\Java\jdk1.8.0_251\jre\lib\jfr.jar;C:\Program Files\Java\jdk1.8.0_251\jre\lib\jfxswt.jar;C:\Program Files\Java\jdk1.8.0_251\jre\lib\jsse.jar;C:\Program Files\Java\jdk1.8.0_251\jre\lib\management-agent.jar;C:\Program Files\Java\jdk1.8.0_251\jre\lib\plugin.jar;C:\Program Files\Java\jdk1.8.0_251\jre\lib\resources.jar;C:\Program Files\Java\jdk1.8.0_251\jre\lib\rt.jar;D:\JIANGLEI\FinanceWORKSPACE\finance-master\simplejob-finance\target\classes;D:\JIANGLEI\INSTALLSOFT\mvnrepositoryTwo\org\projectlombok\lombok\1.18.10\lombok-1.18.10.jar;D:\JIANGLEI\INSTALLSOFT\mvnrepositoryTwo\org\springframework\boot\spring-boot-starter\2.2.1.RELEASE\spring-boot-starter-2.2.1.RELEASE.jar;D:\JIANGLEI\INSTALLSOFT\mvnrepositoryTwo\org\springframework\boot\spring-boot-starter-logging\2.2.1.RELEASE\spring-boot-starter-logging-2.2.1.RELEASE.jar;D:\JIANGLEI\INSTALLSOFT\mvnrepositoryTwo\ch\qos\logback\logback-classic\1.2.3\logback-classic-1.2.3.jar;D:\JIANGLEI\INSTALLSOFT\mvnrepositoryTwo\ch\qos\logback\logback-core\1.2.3\logback-core-1.2.3.jar;D:\JIANGLEI\INSTALLSOFT\mvnrepositoryTwo\org\apache\logging\log4j\log4j-to-slf4j\2.12.1\log4j-to-slf4j-2.12.1.jar;D:\JIANGLEI\INSTALLSOFT\mvnrepositoryTwo\org\apache\logging\log4j\log4j-api\2.12.1\log4j-api-2.12.1.jar;D:\JIANGLEI\INSTALLSOFT\mvnrepositoryTwo\org\slf4j\jul-to-slf4j\1.7.29\jul-to-slf4j-1.7.29.jar;D:\JIANGLEI\INSTALLSOFT\mvnrepositoryTwo\jakarta\annotation\jakarta.annotation-api\1.3.5\jakarta.annotation-api-1.3.5.jar;D:\JIANGLEI\INSTALLSOFT\mvnrepositoryTwo\org\slf4j\slf4j-api\1.7.29\slf4j-api-1.7.29.jar;D:\JIANGLEI\INSTALLSOFT\mvnrepositoryTwo\org\springframework\spring-core\5.2.1.RELEASE\spring-core-5.2.1.RELEASE.jar;D:\JIANGLEI\INSTALLSOFT\mvnrepositoryTwo\org\springframework\spring-jcl\5.2.1.RELEASE\spring-jcl-5.2.1.RELEASE.jar;D:\JIANGLEI\INSTALLSOFT\mvnrepositoryTwo\com\baomidou\mybatis-plus-boot-starter\3.5.1\mybatis-plus-boot-starter-3.5.1.jar;D:\JIANGLEI\INSTALLSOFT\mvnrepositoryTwo\com\baomidou\mybatis-plus\3.5.1\mybatis-plus-3.5.1.jar;D:\JIANGLEI\INSTALLSOFT\mvnrepositoryTwo\com\baomidou\mybatis-plus-extension\3.5.1\mybatis-plus-extension-3.5.1.jar;D:\JIANGLEI\INSTALLSOFT\mvnrepositoryTwo\com\baomidou\mybatis-plus-core\3.5.1\mybatis-plus-core-3.5.1.jar;D:\JIANGLEI\INSTALLSOFT\mvnrepositoryTwo\com\baomidou\mybatis-plus-annotation\3.5.1\mybatis-plus-annotation-3.5.1.jar;D:\JIANGLEI\INSTALLSOFT\mvnrepositoryTwo\com\github\jsqlparser\jsqlparser\4.3\jsqlparser-4.3.jar;D:\JIANGLEI\INSTALLSOFT\mvnrepositoryTwo\org\mybatis\mybatis\3.5.9\mybatis-3.5.9.jar;D:\JIANGLEI\INSTALLSOFT\mvnrepositoryTwo\org\mybatis\mybatis-spring\2.0.6\mybatis-spring-2.0.6.jar;D:\JIANGLEI\INSTALLSOFT\mvnrepositoryTwo\org\springframework\boot\spring-boot-autoconfigure\2.2.1.RELEASE\spring-boot-autoconfigure-2.2.1.RELEASE.jar;D:\JIANGLEI\INSTALLSOFT\mvnrepositoryTwo\com\baomidou\mybatis-plus-generator\3.5.1\mybatis-plus-generator-3.5.1.jar;D:\JIANGLEI\INSTALLSOFT\mvnrepositoryTwo\org\freemarker\freemarker\2.3.31\freemarker-2.3.31.jar;D:\JIANGLEI\INSTALLSOFT\mvnrepositoryTwo\org\springframework\boot\spring-boot-devtools\2.2.1.RELEASE\spring-boot-devtools-2.2.1.RELEASE.jar;D:\JIANGLEI\INSTALLSOFT\mvnrepositoryTwo\org\springframework\boot\spring-boot\2.2.1.RELEASE\spring-boot-2.2.1.RELEASE.jar;D:\JIANGLEI\INSTALLSOFT\mvnrepositoryTwo\org\springframework\spring-context\5.2.1.RELEASE\spring-context-5.2.1.RELEASE.jar;D:\JIANGLEI\INSTALLSOFT\mvnrepositoryTwo\mysql\mysql-connector-java\5.1.47\mysql-connector-java-5.1.47.jar;D:\JIANGLEI\INSTALLSOFT\mvnrepositoryTwo\cn\hutool\hutool-all\5.7.19\hutool-all-5.7.19.jar;D:\JIANGLEI\INSTALLSOFT\mvnrepositoryTwo\joda-time\joda-time\2.9.9\joda-time-2.9.9.jar;D:\JIANGLEI\INSTALLSOFT\mvnrepositoryTwo\com\alibaba\fastjson\2.0.34\fastjson-2.0.34.jar;D:\JIANGLEI\INSTALLSOFT\mvnrepositoryTwo\com\alibaba\fastjson2\fastjson2-extension\2.0.34\fastjson2-extension-2.0.34.jar;D:\JIANGLEI\INSTALLSOFT\mvnrepositoryTwo\com\alibaba\fastjson2\fastjson2\2.0.34\fastjson2-2.0.34.jar;D:\JIANGLEI\INSTALLSOFT\mvnrepositoryTwo\org\springframework\boot\spring-boot-starter-actuator\2.2.1.RELEASE\spring-boot-starter-actuator-2.2.1.RELEASE.jar;D:\JIANGLEI\INSTALLSOFT\mvnrepositoryTwo\org\springframework\boot\spring-boot-actuator-autoconfigure\2.2.1.RELEASE\spring-boot-actuator-autoconfigure-2.2.1.RELEASE.jar;D:\JIANGLEI\INSTALLSOFT\mvnrepositoryTwo\org\springframework\boot\spring-boot-actuator\2.2.1.RELEASE\spring-boot-actuator-2.2.1.RELEASE.jar;D:\JIANGLEI\INSTALLSOFT\mvnrepositoryTwo\com\fasterxml\jackson\core\jackson-databind\2.10.0\jackson-databind-2.10.0.jar;D:\JIANGLEI\INSTALLSOFT\mvnrepositoryTwo\com\fasterxml\jackson\core\jackson-annotations\2.10.0\jackson-annotations-2.10.0.jar;D:\JIANGLEI\INSTALLSOFT\mvnrepositoryTwo\com\fasterxml\jackson\core\jackson-core\2.10.0\jackson-core-2.10.0.jar;D:\JIANGLEI\INSTALLSOFT\mvnrepositoryTwo\com\fasterxml\jackson\datatype\jackson-datatype-jsr310\2.10.0\jackson-datatype-jsr310-2.10.0.jar;D:\JIANGLEI\INSTALLSOFT\mvnrepositoryTwo\io\micrometer\micrometer-core\1.3.1\micrometer-core-1.3.1.jar;D:\JIANGLEI\INSTALLSOFT\mvnrepositoryTwo\org\hdrhistogram\HdrHistogram\2.1.11\HdrHistogram-2.1.11.jar;D:\JIANGLEI\INSTALLSOFT\mvnrepositoryTwo\org\latencyutils\LatencyUtils\2.0.3\LatencyUtils-2.0.3.jar;D:\JIANGLEI\INSTALLSOFT\mvnrepositoryTwo\org\springframework\boot\spring-boot-starter-web\2.2.1.RELEASE\spring-boot-starter-web-2.2.1.RELEASE.jar;D:\JIANGLEI\INSTALLSOFT\mvnrepositoryTwo\org\springframework\boot\spring-boot-starter-json\2.2.1.RELEASE\spring-boot-starter-json-2.2.1.RELEASE.jar;D:\JIANGLEI\INSTALLSOFT\mvnrepositoryTwo\com\fasterxml\jackson\datatype\jackson-datatype-jdk8\2.10.0\jackson-datatype-jdk8-2.10.0.jar;D:\JIANGLEI\INSTALLSOFT\mvnrepositoryTwo\com\fasterxml\jackson\module\jackson-module-parameter-names\2.10.0\jackson-module-parameter-names-2.10.0.jar;D:\JIANGLEI\INSTALLSOFT\mvnrepositoryTwo\org\springframework\boot\spring-boot-starter-tomcat\2.2.1.RELEASE\spring-boot-starter-tomcat-2.2.1.RELEASE.jar;D:\JIANGLEI\INSTALLSOFT\mvnrepositoryTwo\org\apache\tomcat\embed\tomcat-embed-core\9.0.27\tomcat-embed-core-9.0.27.jar;D:\JIANGLEI\INSTALLSOFT\mvnrepositoryTwo\org\apache\tomcat\embed\tomcat-embed-el\9.0.27\tomcat-embed-el-9.0.27.jar;D:\JIANGLEI\INSTALLSOFT\mvnrepositoryTwo\org\apache\tomcat\embed\tomcat-embed-websocket\9.0.27\tomcat-embed-websocket-9.0.27.jar;D:\JIANGLEI\INSTALLSOFT\mvnrepositoryTwo\org\springframework\boot\spring-boot-starter-validation\2.2.1.RELEASE\spring-boot-starter-validation-2.2.1.RELEASE.jar;D:\JIANGLEI\INSTALLSOFT\mvnrepositoryTwo\jakarta\validation\jakarta.validation-api\2.0.1\jakarta.validation-api-2.0.1.jar;D:\JIANGLEI\INSTALLSOFT\mvnrepositoryTwo\org\hibernate\validator\hibernate-validator\6.0.18.Final\hibernate-validator-6.0.18.Final.jar;D:\JIANGLEI\INSTALLSOFT\mvnrepositoryTwo\org\jboss\logging\jboss-logging\3.4.1.Final\jboss-logging-3.4.1.Final.jar;D:\JIANGLEI\INSTALLSOFT\mvnrepositoryTwo\com\fasterxml\classmate\1.5.1\classmate-1.5.1.jar;D:\JIANGLEI\INSTALLSOFT\mvnrepositoryTwo\org\springframework\spring-web\5.2.1.RELEASE\spring-web-5.2.1.RELEASE.jar;D:\JIANGLEI\INSTALLSOFT\mvnrepositoryTwo\org\springframework\spring-beans\5.2.1.RELEASE\spring-beans-5.2.1.RELEASE.jar;D:\JIANGLEI\INSTALLSOFT\mvnrepositoryTwo\org\springframework\spring-webmvc\5.2.1.RELEASE\spring-webmvc-5.2.1.RELEASE.jar;D:\JIANGLEI\INSTALLSOFT\mvnrepositoryTwo\org\springframework\spring-aop\5.2.1.RELEASE\spring-aop-5.2.1.RELEASE.jar;D:\JIANGLEI\INSTALLSOFT\mvnrepositoryTwo\org\springframework\spring-expression\5.2.1.RELEASE\spring-expression-5.2.1.RELEASE.jar;D:\JIANGLEI\INSTALLSOFT\mvnrepositoryTwo\org\springframework\boot\spring-boot-starter-jdbc\2.2.1.RELEASE\spring-boot-starter-jdbc-2.2.1.RELEASE.jar;D:\JIANGLEI\INSTALLSOFT\mvnrepositoryTwo\com\zaxxer\HikariCP\3.4.1\HikariCP-3.4.1.jar;D:\JIANGLEI\INSTALLSOFT\mvnrepositoryTwo\org\springframework\spring-jdbc\5.2.1.RELEASE\spring-jdbc-5.2.1.RELEASE.jar;D:\JIANGLEI\INSTALLSOFT\mvnrepositoryTwo\org\springframework\spring-tx\5.2.1.RELEASE\spring-tx-5.2.1.RELEASE.jar;D:\JIANGLEI\INSTALLSOFT\mvnrepositoryTwo\org\apache\shardingsphere\elasticjob\elasticjob-lite-core\3.0.1\elasticjob-lite-core-3.0.1.jar;D:\JIANGLEI\INSTALLSOFT\mvnrepositoryTwo\org\apache\shardingsphere\elasticjob\elasticjob-api\3.0.1\elasticjob-api-3.0.1.jar;D:\JIANGLEI\INSTALLSOFT\mvnrepositoryTwo\com\google\guava\guava\29.0-jre\guava-29.0-jre.jar;D:\JIANGLEI\INSTALLSOFT\mvnrepositoryTwo\com\google\guava\failureaccess\1.0.1\failureaccess-1.0.1.jar;D:\JIANGLEI\INSTALLSOFT\mvnrepositoryTwo\com\google\guava\listenablefuture\9999.0-empty-to-avoid-conflict-with-guava\listenablefuture-9999.0-empty-to-avoid-conflict-with-guava.jar;D:\JIANGLEI\INSTALLSOFT\mvnrepositoryTwo\com\google\code\findbugs\jsr305\3.0.2\jsr305-3.0.2.jar;D:\JIANGLEI\INSTALLSOFT\mvnrepositoryTwo\org\checkerframework\checker-qual\2.11.1\checker-qual-2.11.1.jar;D:\JIANGLEI\INSTALLSOFT\mvnrepositoryTwo\com\google\errorprone\error_prone_annotations\2.3.4\error_prone_annotations-2.3.4.jar;D:\JIANGLEI\INSTALLSOFT\mvnrepositoryTwo\org\apache\shardingsphere\elasticjob\elasticjob-infra-common\3.0.1\elasticjob-infra-common-3.0.1.jar;D:\JIANGLEI\INSTALLSOFT\mvnrepositoryTwo\org\apache\shardingsphere\elasticjob\elasticjob-registry-center\3.0.1\elasticjob-registry-center-3.0.1.jar;D:\JIANGLEI\INSTALLSOFT\mvnrepositoryTwo\org\apache\curator\curator-framework\5.1.0\curator-framework-5.1.0.jar;D:\JIANGLEI\INSTALLSOFT\mvnrepositoryTwo\org\apache\curator\curator-client\5.1.0\curator-client-5.1.0.jar;D:\JIANGLEI\INSTALLSOFT\mvnrepositoryTwo\org\apache\zookeeper\zookeeper\3.6.0\zookeeper-3.6.0.jar;D:\JIANGLEI\INSTALLSOFT\mvnrepositoryTwo\commons-lang\commons-lang\2.6\commons-lang-2.6.jar;D:\JIANGLEI\INSTALLSOFT\mvnrepositoryTwo\org\apache\zookeeper\zookeeper-jute\3.6.0\zookeeper-jute-3.6.0.jar;D:\JIANGLEI\INSTALLSOFT\mvnrepositoryTwo\org\apache\yetus\audience-annotations\0.5.0\audience-annotations-0.5.0.jar;D:\JIANGLEI\INSTALLSOFT\mvnrepositoryTwo\io\netty\netty-handler\4.1.43.Final\netty-handler-4.1.43.Final.jar;D:\JIANGLEI\INSTALLSOFT\mvnrepositoryTwo\io\netty\netty-common\4.1.43.Final\netty-common-4.1.43.Final.jar;D:\JIANGLEI\INSTALLSOFT\mvnrepositoryTwo\io\netty\netty-buffer\4.1.43.Final\netty-buffer-4.1.43.Final.jar;D:\JIANGLEI\INSTALLSOFT\mvnrepositoryTwo\io\netty\netty-transport\4.1.43.Final\netty-transport-4.1.43.Final.jar;D:\JIANGLEI\INSTALLSOFT\mvnrepositoryTwo\io\netty\netty-resolver\4.1.43.Final\netty-resolver-4.1.43.Final.jar;D:\JIANGLEI\INSTALLSOFT\mvnrepositoryTwo\io\netty\netty-codec\4.1.43.Final\netty-codec-4.1.43.Final.jar;D:\JIANGLEI\INSTALLSOFT\mvnrepositoryTwo\io\netty\netty-transport-native-epoll\4.1.43.Final\netty-transport-native-epoll-4.1.43.Final.jar;D:\JIANGLEI\INSTALLSOFT\mvnrepositoryTwo\io\netty\netty-transport-native-unix-common\4.1.43.Final\netty-transport-native-unix-common-4.1.43.Final.jar;D:\JIANGLEI\INSTALLSOFT\mvnrepositoryTwo\log4j\log4j\1.2.17\log4j-1.2.17.jar;D:\JIANGLEI\INSTALLSOFT\mvnrepositoryTwo\org\apache\curator\curator-recipes\5.1.0\curator-recipes-5.1.0.jar;D:\JIANGLEI\INSTALLSOFT\mvnrepositoryTwo\org\apache\shardingsphere\elasticjob\elasticjob-simple-executor\3.0.1\elasticjob-simple-executor-3.0.1.jar;D:\JIANGLEI\INSTALLSOFT\mvnrepositoryTwo\org\apache\shardingsphere\elasticjob\elasticjob-executor-kernel\3.0.1\elasticjob-executor-kernel-3.0.1.jar;D:\JIANGLEI\INSTALLSOFT\mvnrepositoryTwo\org\apache\shardingsphere\elasticjob\elasticjob-error-handler-general\3.0.1\elasticjob-error-handler-general-3.0.1.jar;D:\JIANGLEI\INSTALLSOFT\mvnrepositoryTwo\org\apache\shardingsphere\elasticjob\elasticjob-error-handler-spi\3.0.1\elasticjob-error-handler-spi-3.0.1.jar;D:\JIANGLEI\INSTALLSOFT\mvnrepositoryTwo\org\apache\shardingsphere\elasticjob\elasticjob-dataflow-executor\3.0.1\elasticjob-dataflow-executor-3.0.1.jar;D:\JIANGLEI\INSTALLSOFT\mvnrepositoryTwo\org\apache\shardingsphere\elasticjob\elasticjob-script-executor\3.0.1\elasticjob-script-executor-3.0.1.jar;D:\JIANGLEI\INSTALLSOFT\mvnrepositoryTwo\org\apache\commons\commons-exec\1.3\commons-exec-1.3.jar;D:\JIANGLEI\INSTALLSOFT\mvnrepositoryTwo\org\apache\shardingsphere\elasticjob\elasticjob-http-executor\3.0.1\elasticjob-http-executor-3.0.1.jar;D:\JIANGLEI\INSTALLSOFT\mvnrepositoryTwo\org\apache\shardingsphere\elasticjob\elasticjob-tracing-rdb\3.0.1\elasticjob-tracing-rdb-3.0.1.jar;D:\JIANGLEI\INSTALLSOFT\mvnrepositoryTwo\org\apache\shardingsphere\elasticjob\elasticjob-tracing-api\3.0.1\elasticjob-tracing-api-3.0.1.jar;D:\JIANGLEI\INSTALLSOFT\mvnrepositoryTwo\org\apache\commons\commons-lang3\3.9\commons-lang3-3.9.jar;D:\JIANGLEI\INSTALLSOFT\mvnrepositoryTwo\org\yaml\snakeyaml\1.25\snakeyaml-1.25.jar;D:\JIANGLEI\INSTALLSOFT\mvnrepositoryTwo\com\google\code\gson\gson\2.8.6\gson-2.8.6.jar;D:\JIANGLEI\INSTALLSOFT\mvnrepositoryTwo\org\quartz-scheduler\quartz\2.3.2\quartz-2.3.2.jar;D:\JIANGLEI\INSTALLSOFT\mvnrepositoryTwo\com\mchange\mchange-commons-java\0.2.15\mchange-commons-java-0.2.15.jar;D:\JIANGLEI\INSTALLSOFT\mvnrepositoryTwo\org\apache\shardingsphere\elasticjob\elasticjob-lite-spring-boot-starter\3.0.1\elasticjob-lite-spring-boot-starter-3.0.1.jar;D:\JIANGLEI\INSTALLSOFT\mvnrepositoryTwo\org\apache\shardingsphere\elasticjob\elasticjob-lite-spring-core\3.0.1\elasticjob-lite-spring-core-3.0.1.jar;D:\Program Files\IntelliJ IDEA 2023.2.5\lib\idea_rt.jar;C:\Users\JIANGLEI\AppData\Roaming\JetBrains\IntelliJIdea2023.3\plugins\MybatisLog\lib\mybatis-agent-1.0.30-all.jar;C:\Users\JIANGLEI\AppData\Local\JetBrains\IntelliJIdea2023.3\captureAgent\debugger-agent.jar
[2024-07-17 17:03:08.394] INFO 24400 simplejob-finance [restartedMain] [org.apache.zookeeper.ZooKeeper]:Client environment:java.library.path=C:\Program Files\Java\jdk1.8.0_251\bin;C:\WINDOWS\Sun\Java\bin;C:\WINDOWS\system32;C:\WINDOWS;C:\Program Files (x86)\Aliyun\SASE\3.8.9\ProxyBin\;C:\Program Files (x86)\Aliyun\SASE\3.6.7\ProxyBin\;D:\Program Files\Python\Scripts\;D:\Program Files\Python\;C:\Program Files (x86)\Common Files\Oracle\Java\javapath;C:\WINDOWS\system32;C:\WINDOWS;C:\WINDOWS\System32\Wbem;C:\WINDOWS\System32\WindowsPowerShell\v1.0\;C:\WINDOWS\System32\OpenSSH\;C:\Program Files\Java\jdk1.8.0_251\bin;D:\JIANGLEI\INSTALLSOFT\apache-maven-3.6.3\bin;C:\Program Files\TortoiseGit\bin;C:\Program Files (x86)\nodejs\;C:\Program Files\Git\cmd;D:\Program Files\Anaconda\condabin;C:\Handle; ;E:\UAT\UAT测试包_分公司\UAT测试包_分公司\;E:\网点管家UAT\网点管家UAT\;C:\Users\JIANGLEI\Desktop\数据导出\网点管家UAT\网点管家UAT\;C:\Users\JIANGLEI\Desktop\文档记录\网点管家UAT\网点管家UAT\;C:\Users\JIANGLEI\Desktop\UAT环境\UAT测试包_分公司-1\UAT测试包_分公司-1\;C:\YTO_Station\;C:\Users\JIANGLEI\AppData\Local\Microsoft\WindowsApps;;C:\Users\JIANGLEI\AppData\Local\Programs\Microsoft VS Code\bin;C:\Users\JIANGLEI\AppData\Roaming\npm;C:\Users\JIANGLEI\AppData\Local\Microsoft\WindowsApps;D:\Program Files\PyCharm 2023.3.2\bin;;D:\Program Files\WebStorm 2023.2.5\bin;;D:\Program Files\IntelliJ IDEA 2023.2.5\bin;;D:\Program Files\DataGrip 2023.2.3\bin;;.
[2024-07-17 17:03:08.394] INFO 24400 simplejob-finance [restartedMain] [org.apache.zookeeper.ZooKeeper]:Client environment:java.io.tmpdir=C:\Users\JIANGLEI\AppData\Local\Temp\
[2024-07-17 17:03:08.394] INFO 24400 simplejob-finance [restartedMain] [org.apache.zookeeper.ZooKeeper]:Client environment:java.compiler=<NA>
[2024-07-17 17:03:08.394] INFO 24400 simplejob-finance [restartedMain] [org.apache.zookeeper.ZooKeeper]:Client environment:os.name=Windows 10
[2024-07-17 17:03:08.394] INFO 24400 simplejob-finance [restartedMain] [org.apache.zookeeper.ZooKeeper]:Client environment:os.arch=amd64
[2024-07-17 17:03:08.394] INFO 24400 simplejob-finance [restartedMain] [org.apache.zookeeper.ZooKeeper]:Client environment:os.version=10.0
[2024-07-17 17:03:08.394] INFO 24400 simplejob-finance [restartedMain] [org.apache.zookeeper.ZooKeeper]:Client environment:user.name=JIANGLEI
[2024-07-17 17:03:08.394] INFO 24400 simplejob-finance [restartedMain] [org.apache.zookeeper.ZooKeeper]:Client environment:user.home=C:\Users\JIANGLEI
[2024-07-17 17:03:08.394] INFO 24400 simplejob-finance [restartedMain] [org.apache.zookeeper.ZooKeeper]:Client environment:user.dir=D:\JIANGLEI\FinanceWORKSPACE\finance-master
[2024-07-17 17:03:08.394] INFO 24400 simplejob-finance [restartedMain] [org.apache.zookeeper.ZooKeeper]:Client environment:os.memory.free=275MB
[2024-07-17 17:03:08.394] INFO 24400 simplejob-finance [restartedMain] [org.apache.zookeeper.ZooKeeper]:Client environment:os.memory.max=3612MB
[2024-07-17 17:03:08.394] INFO 24400 simplejob-finance [restartedMain] [org.apache.zookeeper.ZooKeeper]:Client environment:os.memory.total=319MB
[2024-07-17 17:03:08.397] INFO 24400 simplejob-finance [restartedMain] [org.apache.zookeeper.ZooKeeper]:Initiating client connection, connectString=101.133.227.182:2181 sessionTimeout=60000 watcher=org.apache.curator.ConnectionState@d3aa0d7
[2024-07-17 17:03:08.399] INFO 24400 simplejob-finance [restartedMain] [org.apache.zookeeper.common.X509Util]:Setting -D jdk.tls.rejectClientInitiatedRenegotiation=true to disable client-initiated TLS renegotiation
[2024-07-17 17:03:08.410] INFO 24400 simplejob-finance [restartedMain] [org.apache.zookeeper.ClientCnxnSocket]:jute.maxbuffer value is 1048575 Bytes
[2024-07-17 17:03:08.414] INFO 24400 simplejob-finance [restartedMain] [org.apache.zookeeper.ClientCnxn]:zookeeper.request.timeout value is 0. feature enabled=false
[2024-07-17 17:03:08.422] INFO 24400 simplejob-finance [restartedMain] [org.apache.curator.framework.imps.CuratorFrameworkImpl]:Default schema
[2024-07-17 17:03:30.660] INFO 24400 simplejob-finance [Curator-Framework-0] [org.apache.curator.framework.state.ConnectionStateManager]:State change: SUSPENDED
[2024-07-17 17:03:30.665] ERROR 24400 simplejob-finance [Curator-Framework-0] [org.apache.curator.framework.imps.CuratorFrameworkImpl]:Background operation retry gave up
org.apache.zookeeper.KeeperException$ConnectionLossException: KeeperErrorCode = ConnectionLoss
	at org.apache.zookeeper.KeeperException.create(KeeperException.java:102)
	at org.apache.curator.framework.imps.CuratorFrameworkImpl.checkBackgroundRetry(CuratorFrameworkImpl.java:851)
	at org.apache.curator.framework.imps.CuratorFrameworkImpl.performBackgroundOperation(CuratorFrameworkImpl.java:999)
	at org.apache.curator.framework.imps.CuratorFrameworkImpl.backgroundOperationsLoop(CuratorFrameworkImpl.java:952)
	at org.apache.curator.framework.imps.CuratorFrameworkImpl.access$300(CuratorFrameworkImpl.java:66)
	at org.apache.curator.framework.imps.CuratorFrameworkImpl$4.call(CuratorFrameworkImpl.java:342)
	at java.util.concurrent.FutureTask.run$$$capture(FutureTask.java:266)
	at java.util.concurrent.FutureTask.run(FutureTask.java)
	at java.util.concurrent.ScheduledThreadPoolExecutor$ScheduledFutureTask.access$201(ScheduledThreadPoolExecutor.java:180)
	at java.util.concurrent.ScheduledThreadPoolExecutor$ScheduledFutureTask.run(ScheduledThreadPoolExecutor.java:293)
	at java.util.concurrent.ThreadPoolExecutor.runWorker(ThreadPoolExecutor.java:1149)
	at java.util.concurrent.ThreadPoolExecutor$Worker.run(ThreadPoolExecutor.java:624)
	at java.lang.Thread.run(Thread.java:748)
[2024-07-17 17:03:30.667] ERROR 24400 simplejob-finance [Curator-Framework-0] [org.apache.curator.framework.imps.CuratorFrameworkImpl]:Background retry gave up
org.apache.curator.CuratorConnectionLossException: KeeperErrorCode = ConnectionLoss
	at org.apache.curator.framework.imps.CuratorFrameworkImpl.performBackgroundOperation(CuratorFrameworkImpl.java:981)
	at org.apache.curator.framework.imps.CuratorFrameworkImpl.backgroundOperationsLoop(CuratorFrameworkImpl.java:952)
	at org.apache.curator.framework.imps.CuratorFrameworkImpl.access$300(CuratorFrameworkImpl.java:66)
	at org.apache.curator.framework.imps.CuratorFrameworkImpl$4.call(CuratorFrameworkImpl.java:342)
	at java.util.concurrent.FutureTask.run$$$capture(FutureTask.java:266)
	at java.util.concurrent.FutureTask.run(FutureTask.java)
	at java.util.concurrent.ScheduledThreadPoolExecutor$ScheduledFutureTask.access$201(ScheduledThreadPoolExecutor.java:180)
	at java.util.concurrent.ScheduledThreadPoolExecutor$ScheduledFutureTask.run(ScheduledThreadPoolExecutor.java:293)
	at java.util.concurrent.ThreadPoolExecutor.runWorker(ThreadPoolExecutor.java:1149)
	at java.util.concurrent.ThreadPoolExecutor$Worker.run(ThreadPoolExecutor.java:624)
	at java.lang.Thread.run(Thread.java:748)
[2024-07-17 17:03:31.327] INFO 24400 simplejob-finance [restartedMain-SendThread(101.133.227.182:2181)] [org.apache.zookeeper.ClientCnxn]:Opening socket connection to server 101.133.227.182/101.133.227.182:2181.
[2024-07-17 17:03:31.327] INFO 24400 simplejob-finance [restartedMain-SendThread(101.133.227.182:2181)] [org.apache.zookeeper.ClientCnxn]:SASL config status: Will not attempt to authenticate using SASL (unknown error)
[2024-07-17 17:03:31.339] INFO 24400 simplejob-finance [restartedMain-SendThread(101.133.227.182:2181)] [org.apache.zookeeper.ClientCnxn]:Socket connection established, initiating session, client: /172.16.160.131:49342, server: 101.133.227.182/101.133.227.182:2181
[2024-07-17 17:03:31.359] INFO 24400 simplejob-finance [restartedMain-SendThread(101.133.227.182:2181)] [org.apache.zookeeper.ClientCnxn]:Session establishment complete on server 101.133.227.182/101.133.227.182:2181, session id = 0x10001990dfc002b, negotiated timeout = 40000
[2024-07-17 17:03:31.366] INFO 24400 simplejob-finance [restartedMain-EventThread] [org.apache.curator.framework.state.ConnectionStateManager]:State change: CONNECTED
[2024-07-17 17:03:31.378] INFO 24400 simplejob-finance [restartedMain] [com.zaxxer.hikari.HikariDataSource]:HikariPool-1 - Starting...
[2024-07-17 17:03:31.394] INFO 24400 simplejob-finance [restartedMain-EventThread] [org.apache.curator.framework.imps.EnsembleTracker]:New config event received: {}
[2024-07-17 17:03:31.811] INFO 24400 simplejob-finance [restartedMain] [com.zaxxer.hikari.HikariDataSource]:HikariPool-1 - Start completed.
[2024-07-17 17:03:31.997] INFO 24400 simplejob-finance [restartedMain] [org.springframework.boot.devtools.autoconfigure.OptionalLiveReloadServer]:LiveReload server is running on port 35729
[2024-07-17 17:03:32.001] INFO 24400 simplejob-finance [restartedMain] [org.springframework.boot.actuate.endpoint.web.EndpointLinksResolver]:Exposing 2 endpoint(s) beneath base path '/actuator'
[2024-07-17 17:03:32.020] INFO 24400 simplejob-finance [restartedMain] [org.apache.shardingsphere.elasticjob.lite.spring.boot.job.ElasticJobBootstrapConfiguration]:creating Job Bootstrap Beans
[2024-07-17 17:03:32.048] INFO 24400 simplejob-finance [restartedMain] [org.apache.shardingsphere.elasticjob.lite.spring.core.setup.SpringProxyJobClassNameProvider]:create SpringProxyJobClassNameProvider
[2024-07-17 17:03:32.344] INFO 24400 simplejob-finance [restartedMain] [org.quartz.impl.StdSchedulerFactory]:Using default implementation for ThreadExecutor
[2024-07-17 17:03:32.353] INFO 24400 simplejob-finance [restartedMain] [org.quartz.core.SchedulerSignalerImpl]:Initialized Scheduler Signaller of type: class org.quartz.core.SchedulerSignalerImpl
[2024-07-17 17:03:32.353] INFO 24400 simplejob-finance [restartedMain] [org.quartz.core.QuartzScheduler]:Quartz Scheduler v.2.3.2 created.
[2024-07-17 17:03:32.354] INFO 24400 simplejob-finance [restartedMain] [org.apache.shardingsphere.elasticjob.lite.internal.schedule.JobShutdownHookPlugin]:Registering Quartz shutdown hook. FetchSharesListJobDaily
[2024-07-17 17:03:32.354] INFO 24400 simplejob-finance [restartedMain] [org.quartz.simpl.RAMJobStore]:RAMJobStore initialized.
[2024-07-17 17:03:32.355] INFO 24400 simplejob-finance [restartedMain] [org.quartz.core.QuartzScheduler]:Scheduler meta-data: Quartz Scheduler (v2.3.2) 'FetchSharesListJobDaily' with instanceId 'NON_CLUSTERED'
  Scheduler class: 'org.quartz.core.QuartzScheduler' - running locally.
  NOT STARTED.
  Currently in standby mode.
  Number of jobs executed: 0
  Using thread pool 'org.quartz.simpl.SimpleThreadPool' - with 1 threads.
  Using job-store 'org.quartz.simpl.RAMJobStore' - which does not support persistence. and is not clustered.

[2024-07-17 17:03:32.355] INFO 24400 simplejob-finance [restartedMain] [org.quartz.impl.StdSchedulerFactory]:Quartz scheduler 'FetchSharesListJobDaily' initialized from an externally provided properties instance.
[2024-07-17 17:03:32.355] INFO 24400 simplejob-finance [restartedMain] [org.quartz.impl.StdSchedulerFactory]:Quartz scheduler version: 2.3.2
[2024-07-17 17:03:32.363] INFO 24400 simplejob-finance [restartedMain] [org.apache.curator.utils.Compatibility]:Using org.apache.zookeeper.server.quorum.MultipleAddresses
[2024-07-17 17:03:32.880] INFO 24400 simplejob-finance [restartedMain] [org.quartz.impl.StdSchedulerFactory]:Using default implementation for ThreadExecutor
[2024-07-17 17:03:32.880] INFO 24400 simplejob-finance [restartedMain] [org.quartz.core.SchedulerSignalerImpl]:Initialized Scheduler Signaller of type: class org.quartz.core.SchedulerSignalerImpl
[2024-07-17 17:03:32.880] INFO 24400 simplejob-finance [restartedMain] [org.quartz.core.QuartzScheduler]:Quartz Scheduler v.2.3.2 created.
[2024-07-17 17:03:32.880] INFO 24400 simplejob-finance [restartedMain] [org.apache.shardingsphere.elasticjob.lite.internal.schedule.JobShutdownHookPlugin]:Registering Quartz shutdown hook. TradeDateJobDaily
[2024-07-17 17:03:32.881] INFO 24400 simplejob-finance [restartedMain] [org.quartz.simpl.RAMJobStore]:RAMJobStore initialized.
[2024-07-17 17:03:32.881] INFO 24400 simplejob-finance [restartedMain] [org.quartz.core.QuartzScheduler]:Scheduler meta-data: Quartz Scheduler (v2.3.2) 'TradeDateJobDaily' with instanceId 'NON_CLUSTERED'
  Scheduler class: 'org.quartz.core.QuartzScheduler' - running locally.
  NOT STARTED.
  Currently in standby mode.
  Number of jobs executed: 0
  Using thread pool 'org.quartz.simpl.SimpleThreadPool' - with 1 threads.
  Using job-store 'org.quartz.simpl.RAMJobStore' - which does not support persistence. and is not clustered.

[2024-07-17 17:03:32.881] INFO 24400 simplejob-finance [restartedMain] [org.quartz.impl.StdSchedulerFactory]:Quartz scheduler 'TradeDateJobDaily' initialized from an externally provided properties instance.
[2024-07-17 17:03:32.881] INFO 24400 simplejob-finance [restartedMain] [org.quartz.impl.StdSchedulerFactory]:Quartz scheduler version: 2.3.2
[2024-07-17 17:03:33.132] INFO 24400 simplejob-finance [restartedMain] [org.quartz.impl.StdSchedulerFactory]:Using default implementation for ThreadExecutor
[2024-07-17 17:03:33.132] INFO 24400 simplejob-finance [restartedMain] [org.quartz.core.SchedulerSignalerImpl]:Initialized Scheduler Signaller of type: class org.quartz.core.SchedulerSignalerImpl
[2024-07-17 17:03:33.132] INFO 24400 simplejob-finance [restartedMain] [org.quartz.core.QuartzScheduler]:Quartz Scheduler v.2.3.2 created.
[2024-07-17 17:03:33.132] INFO 24400 simplejob-finance [restartedMain] [org.apache.shardingsphere.elasticjob.lite.internal.schedule.JobShutdownHookPlugin]:Registering Quartz shutdown hook. FetchSharesQuotaJobDaily
[2024-07-17 17:03:33.132] INFO 24400 simplejob-finance [restartedMain] [org.quartz.simpl.RAMJobStore]:RAMJobStore initialized.
[2024-07-17 17:03:33.133] INFO 24400 simplejob-finance [restartedMain] [org.quartz.core.QuartzScheduler]:Scheduler meta-data: Quartz Scheduler (v2.3.2) 'FetchSharesQuotaJobDaily' with instanceId 'NON_CLUSTERED'
  Scheduler class: 'org.quartz.core.QuartzScheduler' - running locally.
  NOT STARTED.
  Currently in standby mode.
  Number of jobs executed: 0
  Using thread pool 'org.quartz.simpl.SimpleThreadPool' - with 1 threads.
  Using job-store 'org.quartz.simpl.RAMJobStore' - which does not support persistence. and is not clustered.

[2024-07-17 17:03:33.133] INFO 24400 simplejob-finance [restartedMain] [org.quartz.impl.StdSchedulerFactory]:Quartz scheduler 'FetchSharesQuotaJobDaily' initialized from an externally provided properties instance.
[2024-07-17 17:03:33.133] INFO 24400 simplejob-finance [restartedMain] [org.quartz.impl.StdSchedulerFactory]:Quartz scheduler version: 2.3.2
[2024-07-17 17:03:33.379] INFO 24400 simplejob-finance [restartedMain] [org.quartz.impl.StdSchedulerFactory]:Using default implementation for ThreadExecutor
[2024-07-17 17:03:33.380] INFO 24400 simplejob-finance [restartedMain] [org.quartz.core.SchedulerSignalerImpl]:Initialized Scheduler Signaller of type: class org.quartz.core.SchedulerSignalerImpl
[2024-07-17 17:03:33.380] INFO 24400 simplejob-finance [restartedMain] [org.quartz.core.QuartzScheduler]:Quartz Scheduler v.2.3.2 created.
[2024-07-17 17:03:33.380] INFO 24400 simplejob-finance [restartedMain] [org.apache.shardingsphere.elasticjob.lite.internal.schedule.JobShutdownHookPlugin]:Registering Quartz shutdown hook. FetchSwitchHDailyJob
[2024-07-17 17:03:33.380] INFO 24400 simplejob-finance [restartedMain] [org.quartz.simpl.RAMJobStore]:RAMJobStore initialized.
[2024-07-17 17:03:33.380] INFO 24400 simplejob-finance [restartedMain] [org.quartz.core.QuartzScheduler]:Scheduler meta-data: Quartz Scheduler (v2.3.2) 'FetchSwitchHDailyJob' with instanceId 'NON_CLUSTERED'
  Scheduler class: 'org.quartz.core.QuartzScheduler' - running locally.
  NOT STARTED.
  Currently in standby mode.
  Number of jobs executed: 0
  Using thread pool 'org.quartz.simpl.SimpleThreadPool' - with 1 threads.
  Using job-store 'org.quartz.simpl.RAMJobStore' - which does not support persistence. and is not clustered.

[2024-07-17 17:03:33.380] INFO 24400 simplejob-finance [restartedMain] [org.quartz.impl.StdSchedulerFactory]:Quartz scheduler 'FetchSwitchHDailyJob' initialized from an externally provided properties instance.
[2024-07-17 17:03:33.380] INFO 24400 simplejob-finance [restartedMain] [org.quartz.impl.StdSchedulerFactory]:Quartz scheduler version: 2.3.2
[2024-07-17 17:03:33.618] INFO 24400 simplejob-finance [restartedMain] [org.quartz.impl.StdSchedulerFactory]:Using default implementation for ThreadExecutor
[2024-07-17 17:03:33.619] INFO 24400 simplejob-finance [restartedMain] [org.quartz.core.SchedulerSignalerImpl]:Initialized Scheduler Signaller of type: class org.quartz.core.SchedulerSignalerImpl
[2024-07-17 17:03:33.619] INFO 24400 simplejob-finance [restartedMain] [org.quartz.core.QuartzScheduler]:Quartz Scheduler v.2.3.2 created.
[2024-07-17 17:03:33.619] INFO 24400 simplejob-finance [restartedMain] [org.apache.shardingsphere.elasticjob.lite.internal.schedule.JobShutdownHookPlugin]:Registering Quartz shutdown hook. WeekJiSuanJob
[2024-07-17 17:03:33.619] INFO 24400 simplejob-finance [restartedMain] [org.quartz.simpl.RAMJobStore]:RAMJobStore initialized.
[2024-07-17 17:03:33.619] INFO 24400 simplejob-finance [restartedMain] [org.quartz.core.QuartzScheduler]:Scheduler meta-data: Quartz Scheduler (v2.3.2) 'WeekJiSuanJob' with instanceId 'NON_CLUSTERED'
  Scheduler class: 'org.quartz.core.QuartzScheduler' - running locally.
  NOT STARTED.
  Currently in standby mode.
  Number of jobs executed: 0
  Using thread pool 'org.quartz.simpl.SimpleThreadPool' - with 1 threads.
  Using job-store 'org.quartz.simpl.RAMJobStore' - which does not support persistence. and is not clustered.

[2024-07-17 17:03:33.619] INFO 24400 simplejob-finance [restartedMain] [org.quartz.impl.StdSchedulerFactory]:Quartz scheduler 'WeekJiSuanJob' initialized from an externally provided properties instance.
[2024-07-17 17:03:33.620] INFO 24400 simplejob-finance [restartedMain] [org.quartz.impl.StdSchedulerFactory]:Quartz scheduler version: 2.3.2
[2024-07-17 17:03:33.815] INFO 24400 simplejob-finance [restartedMain] [org.apache.shardingsphere.elasticjob.lite.spring.boot.job.ElasticJobBootstrapConfiguration]:Job Bootstrap Beans created.
[2024-07-17 17:03:33.872] INFO 24400 simplejob-finance [restartedMain] [org.apache.coyote.http11.Http11NioProtocol]:Starting ProtocolHandler ["http-nio-9092"]
[2024-07-17 17:03:33.887] INFO 24400 simplejob-finance [restartedMain] [org.springframework.boot.web.embedded.tomcat.TomcatWebServer]:Tomcat started on port(s): 9092 (http) with context path ''
[2024-07-17 17:03:33.890] INFO 24400 simplejob-finance [restartedMain] [com.simple.job.finance.FinanceJobApplication]:Started FinanceJobApplication in 28.375 seconds (JVM running for 29.488)
[2024-07-17 17:03:33.894] INFO 24400 simplejob-finance [restartedMain] [org.apache.shardingsphere.elasticjob.lite.spring.boot.job.ScheduleJobBootstrapStartupRunner]:Starting ElasticJob Bootstrap.
[2024-07-17 17:03:33.901] INFO 24400 simplejob-finance [restartedMain] [org.quartz.core.QuartzScheduler]:Scheduler FetchSharesListJobDaily_$_NON_CLUSTERED started.
[2024-07-17 17:03:33.902] INFO 24400 simplejob-finance [restartedMain] [org.quartz.core.QuartzScheduler]:Scheduler TradeDateJobDaily_$_NON_CLUSTERED started.
[2024-07-17 17:03:33.903] INFO 24400 simplejob-finance [restartedMain] [org.quartz.core.QuartzScheduler]:Scheduler FetchSharesQuotaJobDaily_$_NON_CLUSTERED started.
[2024-07-17 17:03:33.903] INFO 24400 simplejob-finance [restartedMain] [org.quartz.core.QuartzScheduler]:Scheduler FetchSwitchHDailyJob_$_NON_CLUSTERED started.
[2024-07-17 17:03:33.904] INFO 24400 simplejob-finance [restartedMain] [org.quartz.core.QuartzScheduler]:Scheduler WeekJiSuanJob_$_NON_CLUSTERED started.
[2024-07-17 17:03:33.904] INFO 24400 simplejob-finance [restartedMain] [org.apache.shardingsphere.elasticjob.lite.spring.boot.job.ScheduleJobBootstrapStartupRunner]:ElasticJob Bootstrap started.
[2024-07-17 17:03:34.257] INFO 24400 simplejob-finance [RMI TCP Connection(2)-172.16.160.131] [org.apache.catalina.core.ContainerBase.[Tomcat].[localhost].[/]]:Initializing Spring DispatcherServlet 'dispatcherServlet'
[2024-07-17 17:03:34.257] INFO 24400 simplejob-finance [RMI TCP Connection(2)-172.16.160.131] [org.springframework.web.servlet.DispatcherServlet]:Initializing Servlet 'dispatcherServlet'
[2024-07-17 17:03:34.264] INFO 24400 simplejob-finance [RMI TCP Connection(2)-172.16.160.131] [org.springframework.web.servlet.DispatcherServlet]:Completed initialization in 7 ms
[2024-07-17 17:04:02.025] INFO 24400 simplejob-finance [WeekJiSuanJob_Worker-1] [com.simple.job.finance.job.WeekJiSuanJob]:WeekJiSuanJob start 2024年07月17日17时04分02秒
[2024-07-17 17:04:02.239] INFO 24400 simplejob-finance [WeekJiSuanJob_Worker-1] [com.simple.job.finance.job.WeekJiSuanJob]:开始处理...{"calDate":"20240621","creatTime":1718964000000,"dealFalgFirst":1,"dealFlag":"1","exchange":"SSE","id":175,"isOpen":1,"modyfiTime":1721128162000,"weekDealFlag":"0","weekInfo":"5"}
[2024-07-17 17:05:14.568] WARN 24400 simplejob-finance [restartedMain-SendThread(101.133.227.182:2181)] [org.apache.zookeeper.ClientCnxn]:Client session timed out, have not heard from server in 44921ms for session id 0x10001990dfc002b
[2024-07-17 17:05:14.570] WARN 24400 simplejob-finance [restartedMain-SendThread(101.133.227.182:2181)] [org.apache.zookeeper.ClientCnxn]:Session 0x10001990dfc002b for sever 101.133.227.182/101.133.227.182:2181, Closing socket connection. Attempting reconnect except it is a SessionExpiredException.
org.apache.zookeeper.ClientCnxn$SessionTimeoutException: Client session timed out, have not heard from server in 44921ms for session id 0x10001990dfc002b
	at org.apache.zookeeper.ClientCnxn$SendThread.run(ClientCnxn.java:1230)
[2024-07-17 17:05:15.915] INFO 24400 simplejob-finance [restartedMain-EventThread] [org.apache.curator.framework.state.ConnectionStateManager]:State change: SUSPENDED
[2024-07-17 17:05:19.227] INFO 24400 simplejob-finance [WeekJiSuanJob_Worker-1] [com.simple.job.finance.service.impl.WeekJiSuanJobServiceImpl]:统计代码：301216.SZ，从20240617至20240621
[2024-07-17 17:05:19.415] INFO 24400 simplejob-finance [WeekJiSuanJob_Worker-1] [com.simple.job.finance.service.impl.WeekJiSuanJobServiceImpl]:统计代码：837046.BJ，从20240617至20240621
[2024-07-17 17:05:19.477] INFO 24400 simplejob-finance [WeekJiSuanJob_Worker-1] [com.simple.job.finance.service.impl.WeekJiSuanJobServiceImpl]:统计代码：836263.BJ，从20240617至20240621
[2024-07-17 17:05:19.528] INFO 24400 simplejob-finance [WeekJiSuanJob_Worker-1] [com.simple.job.finance.service.impl.WeekJiSuanJobServiceImpl]:统计代码：871245.BJ，从20240617至20240621
[2024-07-17 17:05:19.579] INFO 24400 simplejob-finance [WeekJiSuanJob_Worker-1] [com.simple.job.finance.service.impl.WeekJiSuanJobServiceImpl]:统计代码：301280.SZ，从20240617至20240621
[2024-07-17 17:05:19.626] INFO 24400 simplejob-finance [WeekJiSuanJob_Worker-1] [com.simple.job.finance.service.impl.WeekJiSuanJobServiceImpl]:统计代码：601997.SH，从20240617至20240621
[2024-07-17 17:05:19.675] INFO 24400 simplejob-finance [WeekJiSuanJob_Worker-1] [com.simple.job.finance.service.impl.WeekJiSuanJobServiceImpl]:统计代码：837006.BJ，从20240617至20240621
[2024-07-17 17:05:19.720] INFO 24400 simplejob-finance [WeekJiSuanJob_Worker-1] [com.simple.job.finance.service.impl.WeekJiSuanJobServiceImpl]:统计代码：833075.BJ，从20240617至20240621
[2024-07-17 17:05:19.764] INFO 24400 simplejob-finance [WeekJiSuanJob_Worker-1] [com.simple.job.finance.service.impl.WeekJiSuanJobServiceImpl]:统计代码：838171.BJ，从20240617至20240621
[2024-07-17 17:05:19.807] INFO 24400 simplejob-finance [WeekJiSuanJob_Worker-1] [com.simple.job.finance.service.impl.WeekJiSuanJobServiceImpl]:统计代码：603369.SH，从20240617至20240621
[2024-07-17 17:05:19.852] INFO 24400 simplejob-finance [WeekJiSuanJob_Worker-1] [com.simple.job.finance.service.impl.WeekJiSuanJobServiceImpl]:统计代码：002774.SZ，从20240617至20240621
[2024-07-17 17:05:19.896] INFO 24400 simplejob-finance [WeekJiSuanJob_Worker-1] [com.simple.job.finance.service.impl.WeekJiSuanJobServiceImpl]:统计代码：836433.BJ，从20240617至20240621
[2024-07-17 17:05:19.941] INFO 24400 simplejob-finance [WeekJiSuanJob_Worker-1] [com.simple.job.finance.service.impl.WeekJiSuanJobServiceImpl]:统计代码：832662.BJ，从20240617至20240621
[2024-07-17 17:05:19.987] INFO 24400 simplejob-finance [WeekJiSuanJob_Worker-1] [com.simple.job.finance.service.impl.WeekJiSuanJobServiceImpl]:统计代码：838030.BJ，从20240617至20240621
[2024-07-17 17:05:20.032] INFO 24400 simplejob-finance [WeekJiSuanJob_Worker-1] [com.simple.job.finance.service.impl.WeekJiSuanJobServiceImpl]:统计代码：002893.SZ，从20240617至20240621
[2024-07-17 17:05:20.078] INFO 24400 simplejob-finance [WeekJiSuanJob_Worker-1] [com.simple.job.finance.service.impl.WeekJiSuanJobServiceImpl]:统计代码：002805.SZ，从20240617至20240621
[2024-07-17 17:05:20.124] INFO 24400 simplejob-finance [WeekJiSuanJob_Worker-1] [com.simple.job.finance.service.impl.WeekJiSuanJobServiceImpl]:统计代码：833914.BJ，从20240617至20240621
[2024-07-17 17:05:20.170] INFO 24400 simplejob-finance [WeekJiSuanJob_Worker-1] [com.simple.job.finance.service.impl.WeekJiSuanJobServiceImpl]:统计代码：830964.BJ，从20240617至20240621
[2024-07-17 17:05:20.219] INFO 24400 simplejob-finance [WeekJiSuanJob_Worker-1] [com.simple.job.finance.service.impl.WeekJiSuanJobServiceImpl]:统计代码：837344.BJ，从20240617至20240621
[2024-07-17 17:05:20.263] INFO 24400 simplejob-finance [WeekJiSuanJob_Worker-1] [com.simple.job.finance.service.impl.WeekJiSuanJobServiceImpl]:统计代码：002919.SZ，从20240617至20240621
[2024-07-17 17:05:20.306] INFO 24400 simplejob-finance [WeekJiSuanJob_Worker-1] [com.simple.job.finance.service.impl.WeekJiSuanJobServiceImpl]:统计代码：000541.SZ，从20240617至20240621
[2024-07-17 17:05:20.350] INFO 24400 simplejob-finance [WeekJiSuanJob_Worker-1] [com.simple.job.finance.service.impl.WeekJiSuanJobServiceImpl]:统计代码：833427.BJ，从20240617至20240621
[2024-07-17 17:05:20.401] INFO 24400 simplejob-finance [WeekJiSuanJob_Worker-1] [com.simple.job.finance.service.impl.WeekJiSuanJobServiceImpl]:统计代码：688787.SH，从20240617至20240621
[2024-07-17 17:05:20.452] INFO 24400 simplejob-finance [WeekJiSuanJob_Worker-1] [com.simple.job.finance.service.impl.WeekJiSuanJobServiceImpl]:统计代码：836961.BJ，从20240617至20240621
[2024-07-17 17:05:20.507] INFO 24400 simplejob-finance [WeekJiSuanJob_Worker-1] [com.simple.job.finance.service.impl.WeekJiSuanJobServiceImpl]:统计代码：000597.SZ，从20240617至20240621
[2024-07-17 17:05:20.551] INFO 24400 simplejob-finance [WeekJiSuanJob_Worker-1] [com.simple.job.finance.service.impl.WeekJiSuanJobServiceImpl]:统计代码：000561.SZ，从20240617至20240621
[2024-07-17 17:05:20.591] INFO 24400 simplejob-finance [WeekJiSuanJob_Worker-1] [com.simple.job.finance.service.impl.WeekJiSuanJobServiceImpl]:统计代码：831195.BJ，从20240617至20240621
[2024-07-17 17:05:20.642] INFO 24400 simplejob-finance [WeekJiSuanJob_Worker-1] [com.simple.job.finance.service.impl.WeekJiSuanJobServiceImpl]:统计代码：688686.SH，从20240617至20240621
[2024-07-17 17:05:20.686] INFO 24400 simplejob-finance [WeekJiSuanJob_Worker-1] [com.simple.job.finance.service.impl.WeekJiSuanJobServiceImpl]:统计代码：836395.BJ，从20240617至20240621
[2024-07-17 17:05:20.729] INFO 24400 simplejob-finance [WeekJiSuanJob_Worker-1] [com.simple.job.finance.service.impl.WeekJiSuanJobServiceImpl]:统计代码：000795.SZ，从20240617至20240621
[2024-07-17 17:05:20.777] INFO 24400 simplejob-finance [WeekJiSuanJob_Worker-1] [com.simple.job.finance.service.impl.WeekJiSuanJobServiceImpl]:统计代码：000622.SZ，从20240617至20240621
[2024-07-17 17:05:20.821] INFO 24400 simplejob-finance [WeekJiSuanJob_Worker-1] [com.simple.job.finance.service.impl.WeekJiSuanJobServiceImpl]:统计代码：688800.SH，从20240617至20240621
[2024-07-17 17:05:20.865] INFO 24400 simplejob-finance [WeekJiSuanJob_Worker-1] [com.simple.job.finance.service.impl.WeekJiSuanJobServiceImpl]:统计代码：688585.SH，从20240617至20240621
[2024-07-17 17:05:20.910] INFO 24400 simplejob-finance [WeekJiSuanJob_Worker-1] [com.simple.job.finance.service.impl.WeekJiSuanJobServiceImpl]:统计代码：832885.BJ，从20240617至20240621
[2024-07-17 17:05:20.956] INFO 24400 simplejob-finance [WeekJiSuanJob_Worker-1] [com.simple.job.finance.service.impl.WeekJiSuanJobServiceImpl]:统计代码：000985.SZ，从20240617至20240621
[2024-07-17 17:05:20.999] INFO 24400 simplejob-finance [WeekJiSuanJob_Worker-1] [com.simple.job.finance.service.impl.WeekJiSuanJobServiceImpl]:统计代码：000703.SZ，从20240617至20240621
[2024-07-17 17:05:21.044] INFO 24400 simplejob-finance [WeekJiSuanJob_Worker-1] [com.simple.job.finance.service.impl.WeekJiSuanJobServiceImpl]:统计代码：688711.SH，从20240617至20240621
[2024-07-17 17:05:21.090] INFO 24400 simplejob-finance [WeekJiSuanJob_Worker-1] [com.simple.job.finance.service.impl.WeekJiSuanJobServiceImpl]:统计代码：688484.SH，从20240617至20240621
[2024-07-17 17:05:21.142] INFO 24400 simplejob-finance [WeekJiSuanJob_Worker-1] [com.simple.job.finance.service.impl.WeekJiSuanJobServiceImpl]:统计代码：831396.BJ，从20240617至20240621
[2024-07-17 17:05:21.190] INFO 24400 simplejob-finance [WeekJiSuanJob_Worker-1] [com.simple.job.finance.service.impl.WeekJiSuanJobServiceImpl]:统计代码：001380.SZ，从20240617至20240621
[2024-07-17 17:05:21.236] INFO 24400 simplejob-finance [WeekJiSuanJob_Worker-1] [com.simple.job.finance.service.impl.WeekJiSuanJobServiceImpl]:统计代码：000723.SZ，从20240617至20240621
[2024-07-17 17:05:21.283] INFO 24400 simplejob-finance [WeekJiSuanJob_Worker-1] [com.simple.job.finance.service.impl.WeekJiSuanJobServiceImpl]:统计代码：688670.SH，从20240617至20240621
[2024-07-17 17:05:21.330] INFO 24400 simplejob-finance [WeekJiSuanJob_Worker-1] [com.simple.job.finance.service.impl.WeekJiSuanJobServiceImpl]:统计代码：688388.SH，从20240617至20240621
[2024-07-17 17:05:21.375] INFO 24400 simplejob-finance [WeekJiSuanJob_Worker-1] [com.simple.job.finance.service.impl.WeekJiSuanJobServiceImpl]:统计代码：830879.BJ，从20240617至20240621
[2024-07-17 17:05:21.421] INFO 24400 simplejob-finance [WeekJiSuanJob_Worker-1] [com.simple.job.finance.service.impl.WeekJiSuanJobServiceImpl]:统计代码：001914.SZ，从20240617至20240621
[2024-07-17 17:05:21.465] INFO 24400 simplejob-finance [WeekJiSuanJob_Worker-1] [com.simple.job.finance.service.impl.WeekJiSuanJobServiceImpl]:统计代码：000788.SZ，从20240617至20240621
[2024-07-17 17:05:21.516] INFO 24400 simplejob-finance [WeekJiSuanJob_Worker-1] [com.simple.job.finance.service.impl.WeekJiSuanJobServiceImpl]:统计代码：688630.SH，从20240617至20240621
[2024-07-17 17:05:21.560] INFO 24400 simplejob-finance [WeekJiSuanJob_Worker-1] [com.simple.job.finance.service.impl.WeekJiSuanJobServiceImpl]:统计代码：688363.SH，从20240617至20240621
[2024-07-17 17:05:21.602] INFO 24400 simplejob-finance [WeekJiSuanJob_Worker-1] [com.simple.job.finance.service.impl.WeekJiSuanJobServiceImpl]:统计代码：830839.BJ，从20240617至20240621
[2024-07-17 17:05:21.648] INFO 24400 simplejob-finance [WeekJiSuanJob_Worker-1] [com.simple.job.finance.service.impl.WeekJiSuanJobServiceImpl]:统计代码：002005.SZ，从20240617至20240621
[2024-07-17 17:05:21.691] INFO 24400 simplejob-finance [WeekJiSuanJob_Worker-1] [com.simple.job.finance.service.impl.WeekJiSuanJobServiceImpl]:统计代码：000812.SZ，从20240617至20240621
[2024-07-17 17:05:21.737] INFO 24400 simplejob-finance [WeekJiSuanJob_Worker-1] [com.simple.job.finance.service.impl.WeekJiSuanJobServiceImpl]:统计代码：688610.SH，从20240617至20240621
[2024-07-17 17:05:21.779] INFO 24400 simplejob-finance [WeekJiSuanJob_Worker-1] [com.simple.job.finance.service.impl.WeekJiSuanJobServiceImpl]:统计代码：688343.SH，从20240617至20240621
[2024-07-17 17:05:21.822] INFO 24400 simplejob-finance [WeekJiSuanJob_Worker-1] [com.simple.job.finance.service.impl.WeekJiSuanJobServiceImpl]:统计代码：688671.SH，从20240617至20240621
[2024-07-17 17:05:21.874] INFO 24400 simplejob-finance [WeekJiSuanJob_Worker-1] [com.simple.job.finance.service.impl.WeekJiSuanJobServiceImpl]:统计代码：002025.SZ，从20240617至20240621
[2024-07-17 17:05:21.925] INFO 24400 simplejob-finance [WeekJiSuanJob_Worker-1] [com.simple.job.finance.service.impl.WeekJiSuanJobServiceImpl]:统计代码：000852.SZ，从20240617至20240621
[2024-07-17 17:05:21.971] INFO 24400 simplejob-finance [WeekJiSuanJob_Worker-1] [com.simple.job.finance.service.impl.WeekJiSuanJobServiceImpl]:统计代码：688598.SH，从20240617至20240621
[2024-07-17 17:05:22.017] INFO 24400 simplejob-finance [WeekJiSuanJob_Worker-1] [com.simple.job.finance.service.impl.WeekJiSuanJobServiceImpl]:统计代码：688323.SH，从20240617至20240621
[2024-07-17 17:05:22.058] INFO 24400 simplejob-finance [WeekJiSuanJob_Worker-1] [com.simple.job.finance.service.impl.WeekJiSuanJobServiceImpl]:统计代码：688651.SH，从20240617至20240621
[2024-07-17 17:05:22.101] INFO 24400 simplejob-finance [WeekJiSuanJob_Worker-1] [com.simple.job.finance.service.impl.WeekJiSuanJobServiceImpl]:统计代码：002045.SZ，从20240617至20240621
[2024-07-17 17:05:22.156] INFO 24400 simplejob-finance [WeekJiSuanJob_Worker-1] [com.simple.job.finance.service.impl.WeekJiSuanJobServiceImpl]:统计代码：000899.SZ，从20240617至20240621
[2024-07-17 17:05:22.207] INFO 24400 simplejob-finance [WeekJiSuanJob_Worker-1] [com.simple.job.finance.service.impl.WeekJiSuanJobServiceImpl]:统计代码：688573.SH，从20240617至20240621
[2024-07-17 17:05:22.249] INFO 24400 simplejob-finance [WeekJiSuanJob_Worker-1] [com.simple.job.finance.service.impl.WeekJiSuanJobServiceImpl]:统计代码：688303.SH，从20240617至20240621
[2024-07-17 17:05:22.290] INFO 24400 simplejob-finance [WeekJiSuanJob_Worker-1] [com.simple.job.finance.service.impl.WeekJiSuanJobServiceImpl]:统计代码：688631.SH，从20240617至20240621
[2024-07-17 17:05:22.337] INFO 24400 simplejob-finance [WeekJiSuanJob_Worker-1] [com.simple.job.finance.service.impl.WeekJiSuanJobServiceImpl]:统计代码：002065.SZ，从20240617至20240621
[2024-07-17 17:05:22.384] INFO 24400 simplejob-finance [WeekJiSuanJob_Worker-1] [com.simple.job.finance.service.impl.WeekJiSuanJobServiceImpl]:统计代码：000913.SZ，从20240617至20240621
[2024-07-17 17:05:22.434] INFO 24400 simplejob-finance [WeekJiSuanJob_Worker-1] [com.simple.job.finance.service.impl.WeekJiSuanJobServiceImpl]:统计代码：688553.SH，从20240617至20240621
[2024-07-17 17:05:22.476] INFO 24400 simplejob-finance [WeekJiSuanJob_Worker-1] [com.simple.job.finance.service.impl.WeekJiSuanJobServiceImpl]:统计代码：688289.SH，从20240617至20240621
[2024-07-17 17:05:22.517] INFO 24400 simplejob-finance [WeekJiSuanJob_Worker-1] [com.simple.job.finance.service.impl.WeekJiSuanJobServiceImpl]:统计代码：688611.SH，从20240617至20240621
[2024-07-17 17:05:22.558] INFO 24400 simplejob-finance [WeekJiSuanJob_Worker-1] [com.simple.job.finance.service.impl.WeekJiSuanJobServiceImpl]:统计代码：002104.SZ，从20240617至20240621
[2024-07-17 17:05:22.599] INFO 24400 simplejob-finance [WeekJiSuanJob_Worker-1] [com.simple.job.finance.service.impl.WeekJiSuanJobServiceImpl]:统计代码：000933.SZ，从20240617至20240621
[2024-07-17 17:05:22.638] INFO 24400 simplejob-finance [WeekJiSuanJob_Worker-1] [com.simple.job.finance.service.impl.WeekJiSuanJobServiceImpl]:统计代码：688533.SH，从20240617至20240621
[2024-07-17 17:05:22.680] INFO 24400 simplejob-finance [WeekJiSuanJob_Worker-1] [com.simple.job.finance.service.impl.WeekJiSuanJobServiceImpl]:统计代码：688262.SH，从20240617至20240621
[2024-07-17 17:05:22.724] INFO 24400 simplejob-finance [WeekJiSuanJob_Worker-1] [com.simple.job.finance.service.impl.WeekJiSuanJobServiceImpl]:统计代码：688599.SH，从20240617至20240621
[2024-07-17 17:05:22.766] INFO 24400 simplejob-finance [WeekJiSuanJob_Worker-1] [com.simple.job.finance.service.impl.WeekJiSuanJobServiceImpl]:统计代码：002124.SZ，从20240617至20240621
[2024-07-17 17:05:22.808] INFO 24400 simplejob-finance [WeekJiSuanJob_Worker-1] [com.simple.job.finance.service.impl.WeekJiSuanJobServiceImpl]:统计代码：000953.SZ，从20240617至20240621
[2024-07-17 17:05:22.855] INFO 24400 simplejob-finance [WeekJiSuanJob_Worker-1] [com.simple.job.finance.service.impl.WeekJiSuanJobServiceImpl]:统计代码：688513.SH，从20240617至20240621
[2024-07-17 17:05:22.899] INFO 24400 simplejob-finance [WeekJiSuanJob_Worker-1] [com.simple.job.finance.service.impl.WeekJiSuanJobServiceImpl]:统计代码：688222.SH，从20240617至20240621
[2024-07-17 17:05:22.946] INFO 24400 simplejob-finance [WeekJiSuanJob_Worker-1] [com.simple.job.finance.service.impl.WeekJiSuanJobServiceImpl]:统计代码：688552.SH，从20240617至20240621
[2024-07-17 17:05:22.990] INFO 24400 simplejob-finance [WeekJiSuanJob_Worker-1] [com.simple.job.finance.service.impl.WeekJiSuanJobServiceImpl]:统计代码：002144.SZ，从20240617至20240621
[2024-07-17 17:05:23.033] INFO 24400 simplejob-finance [WeekJiSuanJob_Worker-1] [com.simple.job.finance.service.impl.WeekJiSuanJobServiceImpl]:统计代码：000973.SZ，从20240617至20240621
[2024-07-17 17:05:23.076] INFO 24400 simplejob-finance [WeekJiSuanJob_Worker-1] [com.simple.job.finance.service.impl.WeekJiSuanJobServiceImpl]:统计代码：688499.SH，从20240617至20240621
[2024-07-17 17:05:23.119] INFO 24400 simplejob-finance [WeekJiSuanJob_Worker-1] [com.simple.job.finance.service.impl.WeekJiSuanJobServiceImpl]:统计代码：688202.SH，从20240617至20240621
[2024-07-17 17:05:23.160] INFO 24400 simplejob-finance [WeekJiSuanJob_Worker-1] [com.simple.job.finance.service.impl.WeekJiSuanJobServiceImpl]:统计代码：688512.SH，从20240617至20240621
[2024-07-17 17:05:23.205] INFO 24400 simplejob-finance [WeekJiSuanJob_Worker-1] [com.simple.job.finance.service.impl.WeekJiSuanJobServiceImpl]:统计代码：002164.SZ，从20240617至20240621
[2024-07-17 17:05:23.248] INFO 24400 simplejob-finance [WeekJiSuanJob_Worker-1] [com.simple.job.finance.service.impl.WeekJiSuanJobServiceImpl]:统计代码：000998.SZ，从20240617至20240621
[2024-07-17 17:05:23.290] INFO 24400 simplejob-finance [WeekJiSuanJob_Worker-1] [com.simple.job.finance.service.impl.WeekJiSuanJobServiceImpl]:统计代码：688472.SH，从20240617至20240621
[2024-07-17 17:05:23.345] INFO 24400 simplejob-finance [WeekJiSuanJob_Worker-1] [com.simple.job.finance.service.impl.WeekJiSuanJobServiceImpl]:统计代码：688161.SH，从20240617至20240621
[2024-07-17 17:05:23.397] INFO 24400 simplejob-finance [WeekJiSuanJob_Worker-1] [com.simple.job.finance.service.impl.WeekJiSuanJobServiceImpl]:统计代码：688498.SH，从20240617至20240621
[2024-07-17 17:05:23.450] INFO 24400 simplejob-finance [WeekJiSuanJob_Worker-1] [com.simple.job.finance.service.impl.WeekJiSuanJobServiceImpl]:统计代码：002207.SZ，从20240617至20240621
[2024-07-17 17:05:23.494] INFO 24400 simplejob-finance [WeekJiSuanJob_Worker-1] [com.simple.job.finance.service.impl.WeekJiSuanJobServiceImpl]:统计代码：001217.SZ，从20240617至20240621
[2024-07-17 17:05:23.539] INFO 24400 simplejob-finance [WeekJiSuanJob_Worker-1] [com.simple.job.finance.service.impl.WeekJiSuanJobServiceImpl]:统计代码：688432.SH，从20240617至20240621
[2024-07-17 17:05:23.585] INFO 24400 simplejob-finance [WeekJiSuanJob_Worker-1] [com.simple.job.finance.service.impl.WeekJiSuanJobServiceImpl]:统计代码：688141.SH，从20240617至20240621
[2024-07-17 17:05:23.628] INFO 24400 simplejob-finance [WeekJiSuanJob_Worker-1] [com.simple.job.finance.service.impl.WeekJiSuanJobServiceImpl]:统计代码：688433.SH，从20240617至20240621
[2024-07-17 17:05:23.670] INFO 24400 simplejob-finance [WeekJiSuanJob_Worker-1] [com.simple.job.finance.service.impl.WeekJiSuanJobServiceImpl]:统计代码：002227.SZ，从20240617至20240621
[2024-07-17 17:05:23.713] INFO 24400 simplejob-finance [WeekJiSuanJob_Worker-1] [com.simple.job.finance.service.impl.WeekJiSuanJobServiceImpl]:统计代码：001316.SZ，从20240617至20240621
[2024-07-17 17:05:23.757] INFO 24400 simplejob-finance [WeekJiSuanJob_Worker-1] [com.simple.job.finance.service.impl.WeekJiSuanJobServiceImpl]:统计代码：688395.SH，从20240617至20240621
[2024-07-17 17:05:23.798] INFO 24400 simplejob-finance [WeekJiSuanJob_Worker-1] [com.simple.job.finance.service.impl.WeekJiSuanJobServiceImpl]:统计代码：688121.SH，从20240617至20240621
[2024-07-17 17:05:23.841] INFO 24400 simplejob-finance [WeekJiSuanJob_Worker-1] [com.simple.job.finance.service.impl.WeekJiSuanJobServiceImpl]:统计代码：688295.SH，从20240617至20240621
[2024-07-17 17:05:23.884] INFO 24400 simplejob-finance [WeekJiSuanJob_Worker-1] [com.simple.job.finance.service.impl.WeekJiSuanJobServiceImpl]:统计代码：002247.SZ，从20240617至20240621
[2024-07-17 17:05:23.929] INFO 24400 simplejob-finance [WeekJiSuanJob_Worker-1] [com.simple.job.finance.service.impl.WeekJiSuanJobServiceImpl]:统计代码：001336.SZ，从20240617至20240621
[2024-07-17 17:05:23.972] INFO 24400 simplejob-finance [WeekJiSuanJob_Worker-1] [com.simple.job.finance.service.impl.WeekJiSuanJobServiceImpl]:统计代码：688197.SH，从20240617至20240621
[2024-07-17 17:05:24.016] INFO 24400 simplejob-finance [WeekJiSuanJob_Worker-1] [com.simple.job.finance.service.impl.WeekJiSuanJobServiceImpl]:统计代码：688101.SH，从20240617至20240621
[2024-07-17 17:05:24.054] INFO 24400 simplejob-finance [WeekJiSuanJob_Worker-1] [com.simple.job.finance.service.impl.WeekJiSuanJobServiceImpl]:统计代码：688196.SH，从20240617至20240621
[2024-07-17 17:05:24.094] INFO 24400 simplejob-finance [WeekJiSuanJob_Worker-1] [com.simple.job.finance.service.impl.WeekJiSuanJobServiceImpl]:统计代码：002267.SZ，从20240617至20240621
[2024-07-17 17:05:24.135] INFO 24400 simplejob-finance [WeekJiSuanJob_Worker-1] [com.simple.job.finance.service.impl.WeekJiSuanJobServiceImpl]:统计代码：001376.SZ，从20240617至20240621
[2024-07-17 17:05:24.175] INFO 24400 simplejob-finance [WeekJiSuanJob_Worker-1] [com.simple.job.finance.service.impl.WeekJiSuanJobServiceImpl]:统计代码：688096.SH，从20240617至20240621
[2024-07-17 17:05:24.216] INFO 24400 simplejob-finance [WeekJiSuanJob_Worker-1] [com.simple.job.finance.service.impl.WeekJiSuanJobServiceImpl]:统计代码：688060.SH，从20240617至20240621
[2024-07-17 17:05:24.272] INFO 24400 simplejob-finance [WeekJiSuanJob_Worker-1] [com.simple.job.finance.service.impl.WeekJiSuanJobServiceImpl]:统计代码：688097.SH，从20240617至20240621
[2024-07-17 17:05:24.320] INFO 24400 simplejob-finance [WeekJiSuanJob_Worker-1] [com.simple.job.finance.service.impl.WeekJiSuanJobServiceImpl]:统计代码：002306.SZ，从20240617至20240621
[2024-07-17 17:05:24.361] INFO 24400 simplejob-finance [WeekJiSuanJob_Worker-1] [com.simple.job.finance.service.impl.WeekJiSuanJobServiceImpl]:统计代码：002038.SZ，从20240617至20240621
[2024-07-17 17:05:24.401] INFO 24400 simplejob-finance [WeekJiSuanJob_Worker-1] [com.simple.job.finance.service.impl.WeekJiSuanJobServiceImpl]:统计代码：605589.SH，从20240617至20240621
[2024-07-17 17:05:24.443] INFO 24400 simplejob-finance [WeekJiSuanJob_Worker-1] [com.simple.job.finance.service.impl.WeekJiSuanJobServiceImpl]:统计代码：688020.SH，从20240617至20240621
[2024-07-17 17:05:24.484] INFO 24400 simplejob-finance [WeekJiSuanJob_Worker-1] [com.simple.job.finance.service.impl.WeekJiSuanJobServiceImpl]:统计代码：605588.SH，从20240617至20240621
[2024-07-17 17:05:24.529] INFO 24400 simplejob-finance [WeekJiSuanJob_Worker-1] [com.simple.job.finance.service.impl.WeekJiSuanJobServiceImpl]:统计代码：002326.SZ，从20240617至20240621
[2024-07-17 17:05:24.570] INFO 24400 simplejob-finance [WeekJiSuanJob_Worker-1] [com.simple.job.finance.service.impl.WeekJiSuanJobServiceImpl]:统计代码：002058.SZ，从20240617至20240621
[2024-07-17 17:05:24.610] INFO 24400 simplejob-finance [WeekJiSuanJob_Worker-1] [com.simple.job.finance.service.impl.WeekJiSuanJobServiceImpl]:统计代码：605488.SH，从20240617至20240621
[2024-07-17 17:05:24.653] INFO 24400 simplejob-finance [WeekJiSuanJob_Worker-1] [com.simple.job.finance.service.impl.WeekJiSuanJobServiceImpl]:统计代码：605399.SH，从20240617至20240621
[2024-07-17 17:05:24.694] INFO 24400 simplejob-finance [WeekJiSuanJob_Worker-1] [com.simple.job.finance.service.impl.WeekJiSuanJobServiceImpl]:统计代码：605086.SH，从20240617至20240621
[2024-07-17 17:05:24.739] INFO 24400 simplejob-finance [WeekJiSuanJob_Worker-1] [com.simple.job.finance.service.impl.WeekJiSuanJobServiceImpl]:统计代码：002346.SZ，从20240617至20240621
[2024-07-17 17:05:24.784] INFO 24400 simplejob-finance [WeekJiSuanJob_Worker-1] [com.simple.job.finance.service.impl.WeekJiSuanJobServiceImpl]:统计代码：002078.SZ，从20240617至20240621
[2024-07-17 17:05:24.828] INFO 24400 simplejob-finance [WeekJiSuanJob_Worker-1] [com.simple.job.finance.service.impl.WeekJiSuanJobServiceImpl]:统计代码：605186.SH，从20240617至20240621
[2024-07-17 17:05:24.870] INFO 24400 simplejob-finance [WeekJiSuanJob_Worker-1] [com.simple.job.finance.service.impl.WeekJiSuanJobServiceImpl]:统计代码：605298.SH，从20240617至20240621
[2024-07-17 17:05:24.915] INFO 24400 simplejob-finance [WeekJiSuanJob_Worker-1] [com.simple.job.finance.service.impl.WeekJiSuanJobServiceImpl]:统计代码：603983.SH，从20240617至20240621
[2024-07-17 17:05:24.960] INFO 24400 simplejob-finance [WeekJiSuanJob_Worker-1] [com.simple.job.finance.service.impl.WeekJiSuanJobServiceImpl]:统计代码：002366.SZ，从20240617至20240621
[2024-07-17 17:05:25.004] INFO 24400 simplejob-finance [WeekJiSuanJob_Worker-1] [com.simple.job.finance.service.impl.WeekJiSuanJobServiceImpl]:统计代码：002093.SZ，从20240617至20240621
[2024-07-17 17:05:25.045] INFO 24400 simplejob-finance [WeekJiSuanJob_Worker-1] [com.simple.job.finance.service.impl.WeekJiSuanJobServiceImpl]:统计代码：603982.SH，从20240617至20240621
[2024-07-17 17:05:25.087] INFO 24400 simplejob-finance [WeekJiSuanJob_Worker-1] [com.simple.job.finance.service.impl.WeekJiSuanJobServiceImpl]:统计代码：605011.SH，从20240617至20240621
[2024-07-17 17:05:25.128] INFO 24400 simplejob-finance [WeekJiSuanJob_Worker-1] [com.simple.job.finance.service.impl.WeekJiSuanJobServiceImpl]:统计代码：603968.SH，从20240617至20240621
[2024-07-17 17:05:25.175] INFO 24400 simplejob-finance [WeekJiSuanJob_Worker-1] [com.simple.job.finance.service.impl.WeekJiSuanJobServiceImpl]:统计代码：002481.SZ，从20240617至20240621
[2024-07-17 17:05:25.221] INFO 24400 simplejob-finance [WeekJiSuanJob_Worker-1] [com.simple.job.finance.service.impl.WeekJiSuanJobServiceImpl]:统计代码：002119.SZ，从20240617至20240621
[2024-07-17 17:05:25.267] INFO 24400 simplejob-finance [WeekJiSuanJob_Worker-1] [com.simple.job.finance.service.impl.WeekJiSuanJobServiceImpl]:统计代码：603969.SH，从20240617至20240621
[2024-07-17 17:05:25.310] INFO 24400 simplejob-finance [WeekJiSuanJob_Worker-1] [com.simple.job.finance.service.impl.WeekJiSuanJobServiceImpl]:统计代码：603855.SH，从20240617至20240621
[2024-07-17 17:05:25.354] INFO 24400 simplejob-finance [WeekJiSuanJob_Worker-1] [com.simple.job.finance.service.impl.WeekJiSuanJobServiceImpl]:统计代码：603948.SH，从20240617至20240621
[2024-07-17 17:05:25.397] INFO 24400 simplejob-finance [WeekJiSuanJob_Worker-1] [com.simple.job.finance.service.impl.WeekJiSuanJobServiceImpl]:统计代码：002580.SZ，从20240617至20240621
[2024-07-17 17:05:25.443] INFO 24400 simplejob-finance [WeekJiSuanJob_Worker-1] [com.simple.job.finance.service.impl.WeekJiSuanJobServiceImpl]:统计代码：002139.SZ，从20240617至20240621
[2024-07-17 17:05:25.488] INFO 24400 simplejob-finance [WeekJiSuanJob_Worker-1] [com.simple.job.finance.service.impl.WeekJiSuanJobServiceImpl]:统计代码：603949.SH，从20240617至20240621
[2024-07-17 17:05:25.534] INFO 24400 simplejob-finance [WeekJiSuanJob_Worker-1] [com.simple.job.finance.service.impl.WeekJiSuanJobServiceImpl]:统计代码：603815.SH，从20240617至20240621
[2024-07-17 17:05:25.573] INFO 24400 simplejob-finance [WeekJiSuanJob_Worker-1] [com.simple.job.finance.service.impl.WeekJiSuanJobServiceImpl]:统计代码：603928.SH，从20240617至20240621
[2024-07-17 17:05:25.613] INFO 24400 simplejob-finance [WeekJiSuanJob_Worker-1] [com.simple.job.finance.service.impl.WeekJiSuanJobServiceImpl]:统计代码：002608.SZ，从20240617至20240621
[2024-07-17 17:05:25.653] INFO 24400 simplejob-finance [WeekJiSuanJob_Worker-1] [com.simple.job.finance.service.impl.WeekJiSuanJobServiceImpl]:统计代码：002159.SZ，从20240617至20240621
[2024-07-17 17:05:25.695] INFO 24400 simplejob-finance [WeekJiSuanJob_Worker-1] [com.simple.job.finance.service.impl.WeekJiSuanJobServiceImpl]:统计代码：603929.SH，从20240617至20240621
[2024-07-17 17:05:25.737] INFO 24400 simplejob-finance [WeekJiSuanJob_Worker-1] [com.simple.job.finance.service.impl.WeekJiSuanJobServiceImpl]:统计代码：603665.SH，从20240617至20240621
[2024-07-17 17:05:25.778] INFO 24400 simplejob-finance [WeekJiSuanJob_Worker-1] [com.simple.job.finance.service.impl.WeekJiSuanJobServiceImpl]:统计代码：603908.SH，从20240617至20240621
[2024-07-17 17:05:25.820] INFO 24400 simplejob-finance [WeekJiSuanJob_Worker-1] [com.simple.job.finance.service.impl.WeekJiSuanJobServiceImpl]:统计代码：002628.SZ，从20240617至20240621
[2024-07-17 17:05:25.864] INFO 24400 simplejob-finance [WeekJiSuanJob_Worker-1] [com.simple.job.finance.service.impl.WeekJiSuanJobServiceImpl]:统计代码：002179.SZ，从20240617至20240621
[2024-07-17 17:05:25.906] INFO 24400 simplejob-finance [WeekJiSuanJob_Worker-1] [com.simple.job.finance.service.impl.WeekJiSuanJobServiceImpl]:统计代码：603909.SH，从20240617至20240621
[2024-07-17 17:05:25.948] INFO 24400 simplejob-finance [WeekJiSuanJob_Worker-1] [com.simple.job.finance.service.impl.WeekJiSuanJobServiceImpl]:统计代码：603605.SH，从20240617至20240621
[2024-07-17 17:05:25.989] INFO 24400 simplejob-finance [WeekJiSuanJob_Worker-1] [com.simple.job.finance.service.impl.WeekJiSuanJobServiceImpl]:统计代码：603882.SH，从20240617至20240621
[2024-07-17 17:05:26.037] INFO 24400 simplejob-finance [WeekJiSuanJob_Worker-1] [com.simple.job.finance.service.impl.WeekJiSuanJobServiceImpl]:统计代码：002648.SZ，从20240617至20240621
[2024-07-17 17:05:26.079] INFO 24400 simplejob-finance [WeekJiSuanJob_Worker-1] [com.simple.job.finance.service.impl.WeekJiSuanJobServiceImpl]:统计代码：002192.SZ，从20240617至20240621
[2024-07-17 17:05:26.122] INFO 24400 simplejob-finance [WeekJiSuanJob_Worker-1] [com.simple.job.finance.service.impl.WeekJiSuanJobServiceImpl]:统计代码：603883.SH，从20240617至20240621
[2024-07-17 17:05:26.170] INFO 24400 simplejob-finance [WeekJiSuanJob_Worker-1] [com.simple.job.finance.service.impl.WeekJiSuanJobServiceImpl]:统计代码：603566.SH，从20240617至20240621
[2024-07-17 17:05:26.215] INFO 24400 simplejob-finance [WeekJiSuanJob_Worker-1] [com.simple.job.finance.service.impl.WeekJiSuanJobServiceImpl]:统计代码：603869.SH，从20240617至20240621
[2024-07-17 17:05:26.259] INFO 24400 simplejob-finance [WeekJiSuanJob_Worker-1] [com.simple.job.finance.service.impl.WeekJiSuanJobServiceImpl]:统计代码：002668.SZ，从20240617至20240621
[2024-07-17 17:05:26.305] INFO 24400 simplejob-finance [WeekJiSuanJob_Worker-1] [com.simple.job.finance.service.impl.WeekJiSuanJobServiceImpl]:统计代码：002291.SZ，从20240617至20240621
[2024-07-17 17:05:26.348] INFO 24400 simplejob-finance [WeekJiSuanJob_Worker-1] [com.simple.job.finance.service.impl.WeekJiSuanJobServiceImpl]:统计代码：603868.SH，从20240617至20240621
[2024-07-17 17:05:26.391] INFO 24400 simplejob-finance [WeekJiSuanJob_Worker-1] [com.simple.job.finance.service.impl.WeekJiSuanJobServiceImpl]:统计代码：603506.SH，从20240617至20240621
[2024-07-17 17:05:26.436] INFO 24400 simplejob-finance [WeekJiSuanJob_Worker-1] [com.simple.job.finance.service.impl.WeekJiSuanJobServiceImpl]:统计代码：603829.SH，从20240617至20240621
[2024-07-17 17:05:26.479] INFO 24400 simplejob-finance [WeekJiSuanJob_Worker-1] [com.simple.job.finance.service.impl.WeekJiSuanJobServiceImpl]:统计代码：002683.SZ，从20240617至20240621
[2024-07-17 17:05:26.525] INFO 24400 simplejob-finance [WeekJiSuanJob_Worker-1] [com.simple.job.finance.service.impl.WeekJiSuanJobServiceImpl]:统计代码：002390.SZ，从20240617至20240621
[2024-07-17 17:05:26.568] INFO 24400 simplejob-finance [WeekJiSuanJob_Worker-1] [com.simple.job.finance.service.impl.WeekJiSuanJobServiceImpl]:统计代码：603848.SH，从20240617至20240621
[2024-07-17 17:05:26.612] INFO 24400 simplejob-finance [WeekJiSuanJob_Worker-1] [com.simple.job.finance.service.impl.WeekJiSuanJobServiceImpl]:统计代码：603380.SH，从20240617至20240621
[2024-07-17 17:05:26.655] INFO 24400 simplejob-finance [WeekJiSuanJob_Worker-1] [com.simple.job.finance.service.impl.WeekJiSuanJobServiceImpl]:统计代码：603809.SH，从20240617至20240621
[2024-07-17 17:05:26.700] INFO 24400 simplejob-finance [WeekJiSuanJob_Worker-1] [com.simple.job.finance.service.impl.WeekJiSuanJobServiceImpl]:统计代码：002709.SZ，从20240617至20240621
[2024-07-17 17:05:26.741] INFO 24400 simplejob-finance [WeekJiSuanJob_Worker-1] [com.simple.job.finance.service.impl.WeekJiSuanJobServiceImpl]:统计代码：002437.SZ，从20240617至20240621
[2024-07-17 17:05:26.784] INFO 24400 simplejob-finance [WeekJiSuanJob_Worker-1] [com.simple.job.finance.service.impl.WeekJiSuanJobServiceImpl]:统计代码：603828.SH，从20240617至20240621
[2024-07-17 17:05:26.829] INFO 24400 simplejob-finance [WeekJiSuanJob_Worker-1] [com.simple.job.finance.service.impl.WeekJiSuanJobServiceImpl]:统计代码：603281.SH，从20240617至20240621
[2024-07-17 17:05:26.872] INFO 24400 simplejob-finance [WeekJiSuanJob_Worker-1] [com.simple.job.finance.service.impl.WeekJiSuanJobServiceImpl]:统计代码：603778.SH，从20240617至20240621
[2024-07-17 17:05:26.919] INFO 24400 simplejob-finance [WeekJiSuanJob_Worker-1] [com.simple.job.finance.service.impl.WeekJiSuanJobServiceImpl]:统计代码：002729.SZ，从20240617至20240621
[2024-07-17 17:05:26.962] INFO 24400 simplejob-finance [WeekJiSuanJob_Worker-1] [com.simple.job.finance.service.impl.WeekJiSuanJobServiceImpl]:统计代码：002457.SZ，从20240617至20240621
[2024-07-17 17:05:27.008] INFO 24400 simplejob-finance [WeekJiSuanJob_Worker-1] [com.simple.job.finance.service.impl.WeekJiSuanJobServiceImpl]:统计代码：603808.SH，从20240617至20240621
[2024-07-17 17:05:27.054] INFO 24400 simplejob-finance [WeekJiSuanJob_Worker-1] [com.simple.job.finance.service.impl.WeekJiSuanJobServiceImpl]:统计代码：603182.SH，从20240617至20240621
[2024-07-17 17:05:27.096] INFO 24400 simplejob-finance [WeekJiSuanJob_Worker-1] [com.simple.job.finance.service.impl.WeekJiSuanJobServiceImpl]:统计代码：603758.SH，从20240617至20240621
[2024-07-17 17:05:27.138] INFO 24400 simplejob-finance [WeekJiSuanJob_Worker-1] [com.simple.job.finance.service.impl.WeekJiSuanJobServiceImpl]:统计代码：002749.SZ，从20240617至20240621
[2024-07-17 17:05:27.179] INFO 24400 simplejob-finance [WeekJiSuanJob_Worker-1] [com.simple.job.finance.service.impl.WeekJiSuanJobServiceImpl]:统计代码：002516.SZ，从20240617至20240621
[2024-07-17 17:05:27.219] INFO 24400 simplejob-finance [WeekJiSuanJob_Worker-1] [com.simple.job.finance.service.impl.WeekJiSuanJobServiceImpl]:统计代码：603779.SH，从20240617至20240621
[2024-07-17 17:05:27.262] INFO 24400 simplejob-finance [WeekJiSuanJob_Worker-1] [com.simple.job.finance.service.impl.WeekJiSuanJobServiceImpl]:统计代码：603169.SH，从20240617至20240621
[2024-07-17 17:05:27.311] INFO 24400 simplejob-finance [WeekJiSuanJob_Worker-1] [com.simple.job.finance.service.impl.WeekJiSuanJobServiceImpl]:统计代码：603738.SH，从20240617至20240621
[2024-07-17 17:05:27.356] INFO 24400 simplejob-finance [WeekJiSuanJob_Worker-1] [com.simple.job.finance.service.impl.WeekJiSuanJobServiceImpl]:统计代码：002769.SZ，从20240617至20240621
[2024-07-17 17:05:27.399] INFO 24400 simplejob-finance [WeekJiSuanJob_Worker-1] [com.simple.job.finance.service.impl.WeekJiSuanJobServiceImpl]:统计代码：002536.SZ，从20240617至20240621
[2024-07-17 17:05:27.439] INFO 24400 simplejob-finance [WeekJiSuanJob_Worker-1] [com.simple.job.finance.service.impl.WeekJiSuanJobServiceImpl]:统计代码：603759.SH，从20240617至20240621
[2024-07-17 17:05:27.484] INFO 24400 simplejob-finance [WeekJiSuanJob_Worker-1] [com.simple.job.finance.service.impl.WeekJiSuanJobServiceImpl]:统计代码：603129.SH，从20240617至20240621
[2024-07-17 17:05:27.531] INFO 24400 simplejob-finance [WeekJiSuanJob_Worker-1] [com.simple.job.finance.service.impl.WeekJiSuanJobServiceImpl]:统计代码：603718.SH，从20240617至20240621
[2024-07-17 17:05:27.573] INFO 24400 simplejob-finance [WeekJiSuanJob_Worker-1] [com.simple.job.finance.service.impl.WeekJiSuanJobServiceImpl]:统计代码：002782.SZ，从20240617至20240621
[2024-07-17 17:05:27.613] INFO 24400 simplejob-finance [WeekJiSuanJob_Worker-1] [com.simple.job.finance.service.impl.WeekJiSuanJobServiceImpl]:统计代码：002556.SZ，从20240617至20240621
[2024-07-17 17:05:27.651] INFO 24400 simplejob-finance [WeekJiSuanJob_Worker-1] [com.simple.job.finance.service.impl.WeekJiSuanJobServiceImpl]:统计代码：603739.SH，从20240617至20240621
[2024-07-17 17:05:27.690] INFO 24400 simplejob-finance [WeekJiSuanJob_Worker-1] [com.simple.job.finance.service.impl.WeekJiSuanJobServiceImpl]:统计代码：603109.SH，从20240617至20240621
[2024-07-17 17:05:27.730] INFO 24400 simplejob-finance [WeekJiSuanJob_Worker-1] [com.simple.job.finance.service.impl.WeekJiSuanJobServiceImpl]:统计代码：603679.SH，从20240617至20240621
[2024-07-17 17:05:27.771] INFO 24400 simplejob-finance [WeekJiSuanJob_Worker-1] [com.simple.job.finance.service.impl.WeekJiSuanJobServiceImpl]:统计代码：002818.SZ，从20240617至20240621
[2024-07-17 17:05:27.811] INFO 24400 simplejob-finance [WeekJiSuanJob_Worker-1] [com.simple.job.finance.service.impl.WeekJiSuanJobServiceImpl]:统计代码：002576.SZ，从20240617至20240621
[2024-07-17 17:05:27.853] INFO 24400 simplejob-finance [WeekJiSuanJob_Worker-1] [com.simple.job.finance.service.impl.WeekJiSuanJobServiceImpl]:统计代码：603719.SH，从20240617至20240621
[2024-07-17 17:05:27.898] INFO 24400 simplejob-finance [WeekJiSuanJob_Worker-1] [com.simple.job.finance.service.impl.WeekJiSuanJobServiceImpl]:统计代码：603083.SH，从20240617至20240621
[2024-07-17 17:05:27.949] INFO 24400 simplejob-finance [WeekJiSuanJob_Worker-1] [com.simple.job.finance.service.impl.WeekJiSuanJobServiceImpl]:统计代码：603659.SH，从20240617至20240621
[2024-07-17 17:05:27.990] INFO 24400 simplejob-finance [WeekJiSuanJob_Worker-1] [com.simple.job.finance.service.impl.WeekJiSuanJobServiceImpl]:统计代码：002838.SZ，从20240617至20240621
[2024-07-17 17:05:28.030] INFO 24400 simplejob-finance [WeekJiSuanJob_Worker-1] [com.simple.job.finance.service.impl.WeekJiSuanJobServiceImpl]:统计代码：002615.SZ，从20240617至20240621
[2024-07-17 17:05:28.071] INFO 24400 simplejob-finance [WeekJiSuanJob_Worker-1] [com.simple.job.finance.service.impl.WeekJiSuanJobServiceImpl]:统计代码：603693.SH，从20240617至20240621
[2024-07-17 17:05:28.114] INFO 24400 simplejob-finance [WeekJiSuanJob_Worker-1] [com.simple.job.finance.service.impl.WeekJiSuanJobServiceImpl]:统计代码：603068.SH，从20240617至20240621
[2024-07-17 17:05:28.157] INFO 24400 simplejob-finance [WeekJiSuanJob_Worker-1] [com.simple.job.finance.service.impl.WeekJiSuanJobServiceImpl]:统计代码：603639.SH，从20240617至20240621
[2024-07-17 17:05:28.198] INFO 24400 simplejob-finance [WeekJiSuanJob_Worker-1] [com.simple.job.finance.service.impl.WeekJiSuanJobServiceImpl]:统计代码：002858.SZ，从20240617至20240621
[2024-07-17 17:05:28.241] INFO 24400 simplejob-finance [WeekJiSuanJob_Worker-1] [com.simple.job.finance.service.impl.WeekJiSuanJobServiceImpl]:统计代码：002635.SZ，从20240617至20240621
[2024-07-17 17:05:28.284] INFO 24400 simplejob-finance [WeekJiSuanJob_Worker-1] [com.simple.job.finance.service.impl.WeekJiSuanJobServiceImpl]:统计代码：603678.SH，从20240617至20240621
[2024-07-17 17:05:28.329] INFO 24400 simplejob-finance [WeekJiSuanJob_Worker-1] [com.simple.job.finance.service.impl.WeekJiSuanJobServiceImpl]:统计代码：603048.SH，从20240617至20240621
[2024-07-17 17:05:28.371] INFO 24400 simplejob-finance [WeekJiSuanJob_Worker-1] [com.simple.job.finance.service.impl.WeekJiSuanJobServiceImpl]:统计代码：603619.SH，从20240617至20240621
[2024-07-17 17:05:28.411] INFO 24400 simplejob-finance [WeekJiSuanJob_Worker-1] [com.simple.job.finance.service.impl.WeekJiSuanJobServiceImpl]:统计代码：000032.SZ，从20240617至20240621
[2024-07-17 17:05:28.456] INFO 24400 simplejob-finance [WeekJiSuanJob_Worker-1] [com.simple.job.finance.service.impl.WeekJiSuanJobServiceImpl]:统计代码：002655.SZ，从20240617至20240621
[2024-07-17 17:05:28.496] INFO 24400 simplejob-finance [WeekJiSuanJob_Worker-1] [com.simple.job.finance.service.impl.WeekJiSuanJobServiceImpl]:统计代码：603658.SH，从20240617至20240621
[2024-07-17 17:05:28.541] INFO 24400 simplejob-finance [WeekJiSuanJob_Worker-1] [com.simple.job.finance.service.impl.WeekJiSuanJobServiceImpl]:统计代码：603028.SH，从20240617至20240621
[2024-07-17 17:05:28.589] INFO 24400 simplejob-finance [WeekJiSuanJob_Worker-1] [com.simple.job.finance.service.impl.WeekJiSuanJobServiceImpl]:统计代码：603377.SH，从20240617至20240621
[2024-07-17 17:05:28.632] INFO 24400 simplejob-finance [WeekJiSuanJob_Worker-1] [com.simple.job.finance.service.impl.WeekJiSuanJobServiceImpl]:统计代码：000099.SZ，从20240617至20240621
[2024-07-17 17:05:28.680] INFO 24400 simplejob-finance [WeekJiSuanJob_Worker-1] [com.simple.job.finance.service.impl.WeekJiSuanJobServiceImpl]:统计代码：002675.SZ，从20240617至20240621
[2024-07-17 17:05:28.721] INFO 24400 simplejob-finance [WeekJiSuanJob_Worker-1] [com.simple.job.finance.service.impl.WeekJiSuanJobServiceImpl]:统计代码：603638.SH，从20240617至20240621
[2024-07-17 17:05:28.763] INFO 24400 simplejob-finance [WeekJiSuanJob_Worker-1] [com.simple.job.finance.service.impl.WeekJiSuanJobServiceImpl]:统计代码：603008.SH，从20240617至20240621
[2024-07-17 17:05:28.804] INFO 24400 simplejob-finance [WeekJiSuanJob_Worker-1] [com.simple.job.finance.service.impl.WeekJiSuanJobServiceImpl]:统计代码：603357.SH，从20240617至20240621
[2024-07-17 17:05:28.845] INFO 24400 simplejob-finance [WeekJiSuanJob_Worker-1] [com.simple.job.finance.service.impl.WeekJiSuanJobServiceImpl]:统计代码：000153.SZ，从20240617至20240621
[2024-07-17 17:05:28.885] INFO 24400 simplejob-finance [WeekJiSuanJob_Worker-1] [com.simple.job.finance.service.impl.WeekJiSuanJobServiceImpl]:统计代码：002714.SZ，从20240617至20240621
[2024-07-17 17:05:28.932] INFO 24400 simplejob-finance [WeekJiSuanJob_Worker-1] [com.simple.job.finance.service.impl.WeekJiSuanJobServiceImpl]:统计代码：603618.SH，从20240617至20240621
[2024-07-17 17:05:28.973] INFO 24400 simplejob-finance [WeekJiSuanJob_Worker-1] [com.simple.job.finance.service.impl.WeekJiSuanJobServiceImpl]:统计代码：601988.SH，从20240617至20240621
[2024-07-17 17:05:29.015] INFO 24400 simplejob-finance [WeekJiSuanJob_Worker-1] [com.simple.job.finance.service.impl.WeekJiSuanJobServiceImpl]:统计代码：603337.SH，从20240617至20240621
[2024-07-17 17:05:29.057] INFO 24400 simplejob-finance [WeekJiSuanJob_Worker-1] [com.simple.job.finance.service.impl.WeekJiSuanJobServiceImpl]:统计代码：002939.SZ，从20240617至20240621
[2024-07-17 17:05:29.097] INFO 24400 simplejob-finance [WeekJiSuanJob_Worker-1] [com.simple.job.finance.service.impl.WeekJiSuanJobServiceImpl]:统计代码：000420.SZ，从20240617至20240621
[2024-07-17 17:05:29.139] INFO 24400 simplejob-finance [WeekJiSuanJob_Worker-1] [com.simple.job.finance.service.impl.WeekJiSuanJobServiceImpl]:统计代码：603590.SH，从20240617至20240621
[2024-07-17 17:05:29.179] INFO 24400 simplejob-finance [WeekJiSuanJob_Worker-1] [com.simple.job.finance.service.impl.WeekJiSuanJobServiceImpl]:统计代码：601963.SH，从20240617至20240621
[2024-07-17 17:05:29.222] INFO 24400 simplejob-finance [WeekJiSuanJob_Worker-1] [com.simple.job.finance.service.impl.WeekJiSuanJobServiceImpl]:统计代码：603317.SH，从20240617至20240621
[2024-07-17 17:05:29.262] INFO 24400 simplejob-finance [WeekJiSuanJob_Worker-1] [com.simple.job.finance.service.impl.WeekJiSuanJobServiceImpl]:统计代码：002959.SZ，从20240617至20240621
[2024-07-17 17:05:29.304] INFO 24400 simplejob-finance [WeekJiSuanJob_Worker-1] [com.simple.job.finance.service.impl.WeekJiSuanJobServiceImpl]:统计代码：000501.SZ，从20240617至20240621
[2024-07-17 17:05:29.344] INFO 24400 simplejob-finance [WeekJiSuanJob_Worker-1] [com.simple.job.finance.service.impl.WeekJiSuanJobServiceImpl]:统计代码：603356.SH，从20240617至20240621
[2024-07-17 17:05:29.388] INFO 24400 simplejob-finance [WeekJiSuanJob_Worker-1] [com.simple.job.finance.service.impl.WeekJiSuanJobServiceImpl]:统计代码：601798.SH，从20240617至20240621
[2024-07-17 17:05:29.430] INFO 24400 simplejob-finance [WeekJiSuanJob_Worker-1] [com.simple.job.finance.service.impl.WeekJiSuanJobServiceImpl]:统计代码：603276.SH，从20240617至20240621
[2024-07-17 17:05:29.472] INFO 24400 simplejob-finance [WeekJiSuanJob_Worker-1] [com.simple.job.finance.service.impl.WeekJiSuanJobServiceImpl]:统计代码：002979.SZ，从20240617至20240621
[2024-07-17 17:05:29.515] INFO 24400 simplejob-finance [WeekJiSuanJob_Worker-1] [com.simple.job.finance.service.impl.WeekJiSuanJobServiceImpl]:统计代码：000521.SZ，从20240617至20240621
[2024-07-17 17:05:29.561] INFO 24400 simplejob-finance [WeekJiSuanJob_Worker-1] [com.simple.job.finance.service.impl.WeekJiSuanJobServiceImpl]:统计代码：603336.SH，从20240617至20240621
[2024-07-17 17:05:29.605] INFO 24400 simplejob-finance [WeekJiSuanJob_Worker-1] [com.simple.job.finance.service.impl.WeekJiSuanJobServiceImpl]:统计代码：601699.SH，从20240617至20240621
[2024-07-17 17:05:29.644] INFO 24400 simplejob-finance [WeekJiSuanJob_Worker-1] [com.simple.job.finance.service.impl.WeekJiSuanJobServiceImpl]:统计代码：603256.SH，从20240617至20240621
[2024-07-17 17:05:29.683] INFO 24400 simplejob-finance [WeekJiSuanJob_Worker-1] [com.simple.job.finance.service.impl.WeekJiSuanJobServiceImpl]:统计代码：002992.SZ，从20240617至20240621
[2024-07-17 17:05:29.721] INFO 24400 simplejob-finance [WeekJiSuanJob_Worker-1] [com.simple.job.finance.service.impl.WeekJiSuanJobServiceImpl]:统计代码：002825.SZ，从20240617至20240621
[2024-07-17 17:05:29.761] INFO 24400 simplejob-finance [WeekJiSuanJob_Worker-1] [com.simple.job.finance.service.impl.WeekJiSuanJobServiceImpl]:统计代码：603316.SH，从20240617至20240621
[2024-07-17 17:05:29.800] INFO 24400 simplejob-finance [WeekJiSuanJob_Worker-1] [com.simple.job.finance.service.impl.WeekJiSuanJobServiceImpl]:统计代码：600992.SH，从20240617至20240621
[2024-07-17 17:05:29.840] INFO 24400 simplejob-finance [WeekJiSuanJob_Worker-1] [com.simple.job.finance.service.impl.WeekJiSuanJobServiceImpl]:统计代码：603236.SH，从20240617至20240621
[2024-07-17 17:05:29.886] INFO 24400 simplejob-finance [WeekJiSuanJob_Worker-1] [com.simple.job.finance.service.impl.WeekJiSuanJobServiceImpl]:统计代码：300013.SZ，从20240617至20240621
[2024-07-17 17:05:29.926] INFO 24400 simplejob-finance [WeekJiSuanJob_Worker-1] [com.simple.job.finance.service.impl.WeekJiSuanJobServiceImpl]:统计代码：002845.SZ，从20240617至20240621
[2024-07-17 17:05:29.969] INFO 24400 simplejob-finance [WeekJiSuanJob_Worker-1] [com.simple.job.finance.service.impl.WeekJiSuanJobServiceImpl]:统计代码：603277.SH，从20240617至20240621
[2024-07-17 17:05:30.017] INFO 24400 simplejob-finance [WeekJiSuanJob_Worker-1] [com.simple.job.finance.service.impl.WeekJiSuanJobServiceImpl]:统计代码：600979.SH，从20240617至20240621
[2024-07-17 17:05:30.066] INFO 24400 simplejob-finance [WeekJiSuanJob_Worker-1] [com.simple.job.finance.service.impl.WeekJiSuanJobServiceImpl]:统计代码：603216.SH，从20240617至20240621
[2024-07-17 17:05:30.109] INFO 24400 simplejob-finance [WeekJiSuanJob_Worker-1] [com.simple.job.finance.service.impl.WeekJiSuanJobServiceImpl]:统计代码：300033.SZ，从20240617至20240621
[2024-07-17 17:05:30.152] INFO 24400 simplejob-finance [WeekJiSuanJob_Worker-1] [com.simple.job.finance.service.impl.WeekJiSuanJobServiceImpl]:统计代码：002865.SZ，从20240617至20240621
[2024-07-17 17:05:30.198] INFO 24400 simplejob-finance [WeekJiSuanJob_Worker-1] [com.simple.job.finance.service.impl.WeekJiSuanJobServiceImpl]:统计代码：603237.SH，从20240617至20240621
[2024-07-17 17:05:30.240] INFO 24400 simplejob-finance [WeekJiSuanJob_Worker-1] [com.simple.job.finance.service.impl.WeekJiSuanJobServiceImpl]:统计代码：600959.SH，从20240617至20240621
[2024-07-17 17:05:30.280] INFO 24400 simplejob-finance [WeekJiSuanJob_Worker-1] [com.simple.job.finance.service.impl.WeekJiSuanJobServiceImpl]:统计代码：603155.SH，从20240617至20240621
[2024-07-17 17:05:30.321] INFO 24400 simplejob-finance [WeekJiSuanJob_Worker-1] [com.simple.job.finance.service.impl.WeekJiSuanJobServiceImpl]:统计代码：300053.SZ，从20240617至20240621
[2024-07-17 17:05:30.364] INFO 24400 simplejob-finance [WeekJiSuanJob_Worker-1] [com.simple.job.finance.service.impl.WeekJiSuanJobServiceImpl]:统计代码：003002.SZ，从20240617至20240621
[2024-07-17 17:05:30.410] INFO 24400 simplejob-finance [WeekJiSuanJob_Worker-1] [com.simple.job.finance.service.impl.WeekJiSuanJobServiceImpl]:统计代码：603217.SH，从20240617至20240621
[2024-07-17 17:05:30.451] INFO 24400 simplejob-finance [WeekJiSuanJob_Worker-1] [com.simple.job.finance.service.impl.WeekJiSuanJobServiceImpl]:统计代码：600939.SH，从20240617至20240621
[2024-07-17 17:05:30.497] INFO 24400 simplejob-finance [WeekJiSuanJob_Worker-1] [com.simple.job.finance.service.impl.WeekJiSuanJobServiceImpl]:统计代码：603135.SH，从20240617至20240621
[2024-07-17 17:05:30.542] INFO 24400 simplejob-finance [WeekJiSuanJob_Worker-1] [com.simple.job.finance.service.impl.WeekJiSuanJobServiceImpl]:统计代码：300073.SZ，从20240617至20240621
[2024-07-17 17:05:30.591] INFO 24400 simplejob-finance [WeekJiSuanJob_Worker-1] [com.simple.job.finance.service.impl.WeekJiSuanJobServiceImpl]:统计代码：003022.SZ，从20240617至20240621
[2024-07-17 17:05:30.631] INFO 24400 simplejob-finance [WeekJiSuanJob_Worker-1] [com.simple.job.finance.service.impl.WeekJiSuanJobServiceImpl]:统计代码：603075.SH，从20240617至20240621
[2024-07-17 17:05:30.673] INFO 24400 simplejob-finance [WeekJiSuanJob_Worker-1] [com.simple.job.finance.service.impl.WeekJiSuanJobServiceImpl]:统计代码：600919.SH，从20240617至20240621
[2024-07-17 17:05:30.715] INFO 24400 simplejob-finance [WeekJiSuanJob_Worker-1] [com.simple.job.finance.service.impl.WeekJiSuanJobServiceImpl]:统计代码：603115.SH，从20240617至20240621
[2024-07-17 17:05:30.756] INFO 24400 simplejob-finance [WeekJiSuanJob_Worker-1] [com.simple.job.finance.service.impl.WeekJiSuanJobServiceImpl]:统计代码：300098.SZ，从20240617至20240621
[2024-07-17 17:05:30.799] INFO 24400 simplejob-finance [WeekJiSuanJob_Worker-1] [com.simple.job.finance.service.impl.WeekJiSuanJobServiceImpl]:统计代码：003042.SZ，从20240617至20240621
[2024-07-17 17:05:30.844] INFO 24400 simplejob-finance [WeekJiSuanJob_Worker-1] [com.simple.job.finance.service.impl.WeekJiSuanJobServiceImpl]:统计代码：603055.SH，从20240617至20240621
[2024-07-17 17:05:30.886] INFO 24400 simplejob-finance [WeekJiSuanJob_Worker-1] [com.simple.job.finance.service.impl.WeekJiSuanJobServiceImpl]:统计代码：600893.SH，从20240617至20240621
[2024-07-17 17:05:30.929] INFO 24400 simplejob-finance [WeekJiSuanJob_Worker-1] [com.simple.job.finance.service.impl.WeekJiSuanJobServiceImpl]:统计代码：601360.SH，从20240617至20240621
[2024-07-17 17:05:30.970] INFO 24400 simplejob-finance [WeekJiSuanJob_Worker-1] [com.simple.job.finance.service.impl.WeekJiSuanJobServiceImpl]:统计代码：300112.SZ，从20240617至20240621
[2024-07-17 17:05:31.014] INFO 24400 simplejob-finance [WeekJiSuanJob_Worker-1] [com.simple.job.finance.service.impl.WeekJiSuanJobServiceImpl]:统计代码：300085.SZ，从20240617至20240621
[2024-07-17 17:05:31.054] INFO 24400 simplejob-finance [WeekJiSuanJob_Worker-1] [com.simple.job.finance.service.impl.WeekJiSuanJobServiceImpl]:统计代码：603035.SH，从20240617至20240621
[2024-07-17 17:05:31.095] INFO 24400 simplejob-finance [WeekJiSuanJob_Worker-1] [com.simple.job.finance.service.impl.WeekJiSuanJobServiceImpl]:统计代码：600858.SH，从20240617至20240621
[2024-07-17 17:05:31.138] INFO 24400 simplejob-finance [WeekJiSuanJob_Worker-1] [com.simple.job.finance.service.impl.WeekJiSuanJobServiceImpl]:统计代码：601162.SH，从20240617至20240621
[2024-07-17 17:05:31.177] INFO 24400 simplejob-finance [WeekJiSuanJob_Worker-1] [com.simple.job.finance.service.impl.WeekJiSuanJobServiceImpl]:统计代码：300132.SZ，从20240617至20240621
[2024-07-17 17:05:31.217] INFO 24400 simplejob-finance [WeekJiSuanJob_Worker-1] [com.simple.job.finance.service.impl.WeekJiSuanJobServiceImpl]:统计代码：300184.SZ，从20240617至20240621
[2024-07-17 17:05:31.255] INFO 24400 simplejob-finance [WeekJiSuanJob_Worker-1] [com.simple.job.finance.service.impl.WeekJiSuanJobServiceImpl]:统计代码：603015.SH，从20240617至20240621
[2024-07-17 17:05:31.299] INFO 24400 simplejob-finance [WeekJiSuanJob_Worker-1] [com.simple.job.finance.service.impl.WeekJiSuanJobServiceImpl]:统计代码：600838.SH，从20240617至20240621
[2024-07-17 17:05:31.324] INFO 24400 simplejob-finance [Quartz Shutdown-Hook FetchSharesListJobDaily] [org.apache.shardingsphere.elasticjob.lite.internal.schedule.JobShutdownHookPlugin]:Shutting down Quartz... FetchSharesListJobDaily
[2024-07-17 17:05:31.324] INFO 24400 simplejob-finance [Quartz Shutdown-Hook FetchSharesListJobDaily] [org.quartz.core.QuartzScheduler]:Scheduler FetchSharesListJobDaily_$_NON_CLUSTERED shutting down.
[2024-07-17 17:05:31.324] INFO 24400 simplejob-finance [Quartz Shutdown-Hook WeekJiSuanJob] [org.apache.shardingsphere.elasticjob.lite.internal.schedule.JobShutdownHookPlugin]:Shutting down Quartz... WeekJiSuanJob
[2024-07-17 17:05:31.324] INFO 24400 simplejob-finance [Quartz Shutdown-Hook WeekJiSuanJob] [org.quartz.core.QuartzScheduler]:Scheduler WeekJiSuanJob_$_NON_CLUSTERED shutting down.
[2024-07-17 17:05:31.324] INFO 24400 simplejob-finance [Quartz Shutdown-Hook FetchSharesListJobDaily] [org.quartz.core.QuartzScheduler]:Scheduler FetchSharesListJobDaily_$_NON_CLUSTERED paused.
[2024-07-17 17:05:31.324] INFO 24400 simplejob-finance [Quartz Shutdown-Hook WeekJiSuanJob] [org.quartz.core.QuartzScheduler]:Scheduler WeekJiSuanJob_$_NON_CLUSTERED paused.
[2024-07-17 17:05:31.325] INFO 24400 simplejob-finance [Quartz Shutdown-Hook FetchSwitchHDailyJob] [org.apache.shardingsphere.elasticjob.lite.internal.schedule.JobShutdownHookPlugin]:Shutting down Quartz... FetchSwitchHDailyJob
[2024-07-17 17:05:31.325] INFO 24400 simplejob-finance [Quartz Shutdown-Hook FetchSharesQuotaJobDaily] [org.apache.shardingsphere.elasticjob.lite.internal.schedule.JobShutdownHookPlugin]:Shutting down Quartz... FetchSharesQuotaJobDaily
[2024-07-17 17:05:31.325] INFO 24400 simplejob-finance [Quartz Shutdown-Hook FetchSwitchHDailyJob] [org.quartz.core.QuartzScheduler]:Scheduler FetchSwitchHDailyJob_$_NON_CLUSTERED shutting down.
[2024-07-17 17:05:31.325] INFO 24400 simplejob-finance [Quartz Shutdown-Hook FetchSharesQuotaJobDaily] [org.quartz.core.QuartzScheduler]:Scheduler FetchSharesQuotaJobDaily_$_NON_CLUSTERED shutting down.
[2024-07-17 17:05:31.325] INFO 24400 simplejob-finance [Quartz Shutdown-Hook FetchSwitchHDailyJob] [org.quartz.core.QuartzScheduler]:Scheduler FetchSwitchHDailyJob_$_NON_CLUSTERED paused.
[2024-07-17 17:05:31.326] INFO 24400 simplejob-finance [Quartz Shutdown-Hook FetchSharesQuotaJobDaily] [org.quartz.core.QuartzScheduler]:Scheduler FetchSharesQuotaJobDaily_$_NON_CLUSTERED paused.
[2024-07-17 17:05:31.326] INFO 24400 simplejob-finance [Quartz Shutdown-Hook TradeDateJobDaily] [org.apache.shardingsphere.elasticjob.lite.internal.schedule.JobShutdownHookPlugin]:Shutting down Quartz... TradeDateJobDaily
[2024-07-17 17:05:31.326] INFO 24400 simplejob-finance [Quartz Shutdown-Hook TradeDateJobDaily] [org.quartz.core.QuartzScheduler]:Scheduler TradeDateJobDaily_$_NON_CLUSTERED shutting down.
[2024-07-17 17:05:31.326] INFO 24400 simplejob-finance [Quartz Shutdown-Hook TradeDateJobDaily] [org.quartz.core.QuartzScheduler]:Scheduler TradeDateJobDaily_$_NON_CLUSTERED paused.
[2024-07-17 17:05:31.362] INFO 24400 simplejob-finance [WeekJiSuanJob_Worker-1] [com.simple.job.finance.service.impl.WeekJiSuanJobServiceImpl]:统计代码：601088.SH，从20240617至20240621
[2024-07-17 17:05:31.404] INFO 24400 simplejob-finance [WeekJiSuanJob_Worker-1] [com.simple.job.finance.service.impl.WeekJiSuanJobServiceImpl]:统计代码：300152.SZ，从20240617至20240621
[2024-07-17 17:05:31.449] INFO 24400 simplejob-finance [WeekJiSuanJob_Worker-1] [com.simple.job.finance.service.impl.WeekJiSuanJobServiceImpl]:统计代码：300287.SZ，从20240617至20240621
[2024-07-17 17:05:31.494] INFO 24400 simplejob-finance [WeekJiSuanJob_Worker-1] [com.simple.job.finance.service.impl.WeekJiSuanJobServiceImpl]:统计代码：601995.SH，从20240617至20240621
[2024-07-17 17:05:31.541] INFO 24400 simplejob-finance [WeekJiSuanJob_Worker-1] [com.simple.job.finance.service.impl.WeekJiSuanJobServiceImpl]:统计代码：600818.SH，从20240617至20240621
